<?xml version="1.0" encoding="utf-8"?>
<!--Generated by DFIN XBRL Instance Document - http://www.dfinsolutions.com/ - Version R3.0 - on 14-October-2023 [02:48:29] {AM}-->
<linkbase xmlns="http://www.xbrl.org/2003/linkbase" xmlns:xsi="http://www.w3.org/2001/XMLSchema-instance" xmlns:xlink="http://www.w3.org/1999/xlink" xsi:schemaLocation="http://www.xbrl.org/2003/linkbase http://www.xbrl.org/2003/xbrl-linkbase-2003-12-31.xsd">
<roleRef xlink:type="simple" xlink:href="https://xbrl.sec.gov/ecd/2023/ecd-2023.xsd#PvpDisclosure" roleURI="http://xbrl.sec.gov/ecd/role/PvpDisclosure" />
<presentationLink xlink:type="extended" xlink:role="http://xbrl.sec.gov/ecd/role/PvpDisclosure">
<loc xlink:type="locator" xlink:href="https://xbrl.sec.gov/ecd/2023/ecd-2023.xsd#ecd_AllAdjToCompMember" xlink:label="AllAdjToCompMember" />
<loc xlink:type="locator" xlink:href="msft-20230630.xsd#msft_AmountsReportedAsStockAwardsInSctMember" xlink:label="AmountsReportedAsStockAwardsInSctMember" />
<presentationArc xlink:type="arc" xlink:arcrole="http://www.xbrl.org/2003/arcrole/parent-child" xlink:from="AllAdjToCompMember" xlink:to="AmountsReportedAsStockAwardsInSctMember" order="100" preferredLabel="http://www.xbrl.org/2003/role/label" />
<loc xlink:type="locator" xlink:href="msft-20230630.xsd#msft_FairValueOfEquityAwardsGrantedInTheYearAndUnvestedAsOfYearEndMember" xlink:label="FairValueOfEquityAwardsGrantedInTheYearAndUnvestedAsOfYearEndMember" />
<presentationArc xlink:type="arc" xlink:arcrole="http://www.xbrl.org/2003/arcrole/parent-child" xlink:from="AllAdjToCompMember" xlink:to="FairValueOfEquityAwardsGrantedInTheYearAndUnvestedAsOfYearEndMember" order="101" preferredLabel="http://www.xbrl.org/2003/role/label" />
<loc xlink:type="locator" xlink:href="msft-20230630.xsd#msft_ChangeInFairValueOfOutstandingAndUnvestedEquityAwardsYearOverYearMember" xlink:label="ChangeInFairValueOfOutstandingAndUnvestedEquityAwardsYearOverYearMember" />
<presentationArc xlink:type="arc" xlink:arcrole="http://www.xbrl.org/2003/arcrole/parent-child" xlink:from="AllAdjToCompMember" xlink:to="ChangeInFairValueOfOutstandingAndUnvestedEquityAwardsYearOverYearMember" order="102" preferredLabel="http://www.xbrl.org/2003/role/label" />
<loc xlink:type="locator" xlink:href="msft-20230630.xsd#msft_ChangeInFairValueOfEquityAwardsVestedGrantedInAPreviousYearMember" xlink:label="ChangeInFairValueOfEquityAwardsVestedGrantedInAPreviousYearMember" />
<presentationArc xlink:type="arc" xlink:arcrole="http://www.xbrl.org/2003/arcrole/parent-child" xlink:from="AllAdjToCompMember" xlink:to="ChangeInFairValueOfEquityAwardsVestedGrantedInAPreviousYearMember" order="103" preferredLabel="http://www.xbrl.org/2003/role/label" />
</presentationLink>
</linkbase>