<?xml version="1.0" encoding="US-ASCII" standalone="no"?>
    <!-- Field: Doc-Info; Name: Generator; Value: GoFiler Complete; Version: 5.20a -->
    <!-- Field: Doc-Info; Name: VendorURI; Value: https://www.novaworks.com -->
    <!-- Field: Doc-Info; Name: Status; Value: 0x00000000 -->
<link:linkbase xmlns:xsi="http://www.w3.org/2001/XMLSchema-instance" xmlns:xlink="http://www.w3.org/1999/xlink" xmlns:link="http://www.xbrl.org/2003/linkbase" xmlns:xbrli="http://www.xbrl.org/2003/instance" xsi:schemaLocation="http://www.xbrl.org/2003/linkbase http://www.xbrl.org/2003/xbrl-linkbase-2003-12-31.xsd">
    <link:roleRef xlink:type="simple" xlink:href="http://www.xbrl.org/lrr/role/negated-2009-12-16.xsd#negatedLabel" roleURI="http://www.xbrl.org/2009/role/negatedLabel" />
    <link:roleRef xlink:type="simple" xlink:href="http://www.xbrl.org/lrr/role/negated-2009-12-16.xsd#negatedPeriodEndLabel" roleURI="http://www.xbrl.org/2009/role/negatedPeriodEndLabel" />
    <link:roleRef xlink:type="simple" xlink:href="http://www.xbrl.org/lrr/role/negated-2009-12-16.xsd#negatedPeriodStartLabel" roleURI="http://www.xbrl.org/2009/role/negatedPeriodStartLabel" />
    <link:roleRef xlink:type="simple" xlink:href="http://www.xbrl.org/lrr/role/negated-2009-12-16.xsd#negatedTotalLabel" roleURI="http://www.xbrl.org/2009/role/negatedTotalLabel" />
    <link:roleRef xlink:type="simple" xlink:href="http://www.xbrl.org/lrr/role/negated-2009-12-16.xsd#negatedNetLabel" roleURI="http://www.xbrl.org/2009/role/negatedNetLabel" />
    <link:roleRef xlink:type="simple" xlink:href="http://www.xbrl.org/lrr/role/negated-2009-12-16.xsd#negatedTerseLabel" roleURI="http://www.xbrl.org/2009/role/negatedTerseLabel" />
    <link:roleRef xlink:type="simple" xlink:href="http://www.xbrl.org/lrr/role/net-2009-12-16.xsd#netLabel" roleURI="http://www.xbrl.org/2009/role/netLabel" />
    <link:labelLink xlink:type="extended" xlink:role="http://www.xbrl.org/2003/role/link">
      <link:loc xlink:type="locator" xlink:href="https://xbrl.fasb.org/us-gaap/2023/elts/us-gaap-2023.xsd#us-gaap_StatementClassOfStockAxis" xlink:label="us-gaap_StatementClassOfStockAxis" />
      <link:labelArc xlink:arcrole="http://www.xbrl.org/2003/arcrole/concept-label" xlink:from="us-gaap_StatementClassOfStockAxis" xlink:to="us-gaap_StatementClassOfStockAxis_lbl" xlink:type="arc" />
      <link:label xlink:type="resource" xlink:role="http://www.xbrl.org/2003/role/label" xlink:label="us-gaap_StatementClassOfStockAxis_lbl" xml:lang="en-US">Class of Stock [Axis]</link:label>
      <link:loc xlink:type="locator" xlink:href="https://xbrl.fasb.org/us-gaap/2023/elts/us-gaap-2023.xsd#us-gaap_CommonStockMember" xlink:label="us-gaap_CommonStockMember" />
      <link:labelArc xlink:arcrole="http://www.xbrl.org/2003/arcrole/concept-label" xlink:from="us-gaap_CommonStockMember" xlink:to="us-gaap_CommonStockMember_lbl" xlink:type="arc" />
      <link:label xlink:type="resource" xlink:role="http://www.xbrl.org/2003/role/label" xlink:label="us-gaap_CommonStockMember_lbl" xml:lang="en-US">Common Stock [Member]</link:label>
      <link:loc xlink:type="locator" xlink:href="msft-20231016.xsd#MSFT_NotesThreePointOneTwoFivePercentDueDecemberSixTwentyTwentyEightMember" xlink:label="MSFT_NotesThreePointOneTwoFivePercentDueDecemberSixTwentyTwentyEightMember" />
      <link:labelArc xlink:arcrole="http://www.xbrl.org/2003/arcrole/concept-label" xlink:from="MSFT_NotesThreePointOneTwoFivePercentDueDecemberSixTwentyTwentyEightMember" xlink:to="MSFT_NotesThreePointOneTwoFivePercentDueDecemberSixTwentyTwentyEightMember_lbl" xlink:type="arc" />
      <link:label xlink:type="resource" xlink:role="http://www.xbrl.org/2003/role/label" xlink:label="MSFT_NotesThreePointOneTwoFivePercentDueDecemberSixTwentyTwentyEightMember_lbl" xml:lang="en-US">3.125% Notes due 2028 [Member]</link:label>
      <link:loc xlink:type="locator" xlink:href="msft-20231016.xsd#MSFT_NotesTwoPointSixTwoFivePercentDueMayTwoTwentyThirtyThreeMember" xlink:label="MSFT_NotesTwoPointSixTwoFivePercentDueMayTwoTwentyThirtyThreeMember" />
      <link:labelArc xlink:arcrole="http://www.xbrl.org/2003/arcrole/concept-label" xlink:from="MSFT_NotesTwoPointSixTwoFivePercentDueMayTwoTwentyThirtyThreeMember" xlink:to="MSFT_NotesTwoPointSixTwoFivePercentDueMayTwoTwentyThirtyThreeMember_lbl" xlink:type="arc" />
      <link:label xlink:type="resource" xlink:role="http://www.xbrl.org/2003/role/label" xlink:label="MSFT_NotesTwoPointSixTwoFivePercentDueMayTwoTwentyThirtyThreeMember_lbl" xml:lang="en-US">2.625% Notes due 2033 [Member]</link:label>
      <link:loc xlink:type="locator" xlink:href="https://xbrl.fasb.org/us-gaap/2023/elts/us-gaap-2023.xsd#us-gaap_StatementTable" xlink:label="us-gaap_StatementTable" />
      <link:labelArc xlink:arcrole="http://www.xbrl.org/2003/arcrole/concept-label" xlink:from="us-gaap_StatementTable" xlink:to="us-gaap_StatementTable_lbl" xlink:type="arc" />
      <link:label xlink:type="resource" xlink:role="http://www.xbrl.org/2003/role/label" xlink:label="us-gaap_StatementTable_lbl" xml:lang="en-US">Statement [Table]</link:label>
      <link:loc xlink:type="locator" xlink:href="https://xbrl.fasb.org/us-gaap/2023/elts/us-gaap-2023.xsd#us-gaap_StatementLineItems" xlink:label="us-gaap_StatementLineItems" />
      <link:labelArc xlink:arcrole="http://www.xbrl.org/2003/arcrole/concept-label" xlink:from="us-gaap_StatementLineItems" xlink:to="us-gaap_StatementLineItems_lbl" xlink:type="arc" />
      <link:label xlink:type="resource" xlink:role="http://www.xbrl.org/2003/role/label" xlink:label="us-gaap_StatementLineItems_lbl" xml:lang="en-US">Statement [Line Items]</link:label>
      <link:loc xlink:type="locator" xlink:href="https://xbrl.sec.gov/dei/2023/dei-2023.xsd#dei_DocumentType" xlink:label="dei_DocumentType" />
      <link:labelArc xlink:arcrole="http://www.xbrl.org/2003/arcrole/concept-label" xlink:from="dei_DocumentType" xlink:to="dei_DocumentType_lbl" xlink:type="arc" />
      <link:label xlink:type="resource" xlink:role="http://www.xbrl.org/2003/role/label" xlink:label="dei_DocumentType_lbl" xml:lang="en-US">Document Type</link:label>
      <link:loc xlink:type="locator" xlink:href="https://xbrl.sec.gov/dei/2023/dei-2023.xsd#dei_AmendmentFlag" xlink:label="dei_AmendmentFlag" />
      <link:labelArc xlink:arcrole="http://www.xbrl.org/2003/arcrole/concept-label" xlink:from="dei_AmendmentFlag" xlink:to="dei_AmendmentFlag_lbl" xlink:type="arc" />
      <link:label xlink:type="resource" xlink:role="http://www.xbrl.org/2003/role/label" xlink:label="dei_AmendmentFlag_lbl" xml:lang="en-US">Amendment Flag</link:label>
      <link:loc xlink:type="locator" xlink:href="https://xbrl.sec.gov/dei/2023/dei-2023.xsd#dei_AmendmentDescription" xlink:label="dei_AmendmentDescription" />
      <link:labelArc xlink:arcrole="http://www.xbrl.org/2003/arcrole/concept-label" xlink:from="dei_AmendmentDescription" xlink:to="dei_AmendmentDescription_lbl" xlink:type="arc" />
      <link:label xlink:type="resource" xlink:role="http://www.xbrl.org/2003/role/label" xlink:label="dei_AmendmentDescription_lbl" xml:lang="en-US">Amendment Description</link:label>
      <link:loc xlink:type="locator" xlink:href="https://xbrl.sec.gov/dei/2023/dei-2023.xsd#dei_DocumentRegistrationStatement" xlink:label="dei_DocumentRegistrationStatement" />
      <link:labelArc xlink:arcrole="http://www.xbrl.org/2003/arcrole/concept-label" xlink:from="dei_DocumentRegistrationStatement" xlink:to="dei_DocumentRegistrationStatement_lbl" xlink:type="arc" />
      <link:label xlink:type="resource" xlink:role="http://www.xbrl.org/2003/role/label" xlink:label="dei_DocumentRegistrationStatement_lbl" xml:lang="en-US">Document Registration Statement</link:label>
      <link:loc xlink:type="locator" xlink:href="https://xbrl.sec.gov/dei/2023/dei-2023.xsd#dei_DocumentAnnualReport" xlink:label="dei_DocumentAnnualReport" />
      <link:labelArc xlink:arcrole="http://www.xbrl.org/2003/arcrole/concept-label" xlink:from="dei_DocumentAnnualReport" xlink:to="dei_DocumentAnnualReport_lbl" xlink:type="arc" />
      <link:label xlink:type="resource" xlink:role="http://www.xbrl.org/2003/role/label" xlink:label="dei_DocumentAnnualReport_lbl" xml:lang="en-US">Document Annual Report</link:label>
      <link:loc xlink:type="locator" xlink:href="https://xbrl.sec.gov/dei/2023/dei-2023.xsd#dei_DocumentQuarterlyReport" xlink:label="dei_DocumentQuarterlyReport" />
      <link:labelArc xlink:arcrole="http://www.xbrl.org/2003/arcrole/concept-label" xlink:from="dei_DocumentQuarterlyReport" xlink:to="dei_DocumentQuarterlyReport_lbl" xlink:type="arc" />
      <link:label xlink:type="resource" xlink:role="http://www.xbrl.org/2003/role/label" xlink:label="dei_DocumentQuarterlyReport_lbl" xml:lang="en-US">Document Quarterly Report</link:label>
      <link:loc xlink:type="locator" xlink:href="https://xbrl.sec.gov/dei/2023/dei-2023.xsd#dei_DocumentTransitionReport" xlink:label="dei_DocumentTransitionReport" />
      <link:labelArc xlink:arcrole="http://www.xbrl.org/2003/arcrole/concept-label" xlink:from="dei_DocumentTransitionReport" xlink:to="dei_DocumentTransitionReport_lbl" xlink:type="arc" />
      <link:label xlink:type="resource" xlink:role="http://www.xbrl.org/2003/role/label" xlink:label="dei_DocumentTransitionReport_lbl" xml:lang="en-US">Document Transition Report</link:label>
      <link:loc xlink:type="locator" xlink:href="https://xbrl.sec.gov/dei/2023/dei-2023.xsd#dei_DocumentShellCompanyReport" xlink:label="dei_DocumentShellCompanyReport" />
      <link:labelArc xlink:arcrole="http://www.xbrl.org/2003/arcrole/concept-label" xlink:from="dei_DocumentShellCompanyReport" xlink:to="dei_DocumentShellCompanyReport_lbl" xlink:type="arc" />
      <link:label xlink:type="resource" xlink:role="http://www.xbrl.org/2003/role/label" xlink:label="dei_DocumentShellCompanyReport_lbl" xml:lang="en-US">Document Shell Company Report</link:label>
      <link:loc xlink:type="locator" xlink:href="https://xbrl.sec.gov/dei/2023/dei-2023.xsd#dei_DocumentShellCompanyEventDate" xlink:label="dei_DocumentShellCompanyEventDate" />
      <link:labelArc xlink:arcrole="http://www.xbrl.org/2003/arcrole/concept-label" xlink:from="dei_DocumentShellCompanyEventDate" xlink:to="dei_DocumentShellCompanyEventDate_lbl" xlink:type="arc" />
      <link:label xlink:type="resource" xlink:role="http://www.xbrl.org/2003/role/label" xlink:label="dei_DocumentShellCompanyEventDate_lbl" xml:lang="en-US">Document Shell Company Event Date</link:label>
      <link:loc xlink:type="locator" xlink:href="https://xbrl.sec.gov/dei/2023/dei-2023.xsd#dei_DocumentPeriodStartDate" xlink:label="dei_DocumentPeriodStartDate" />
      <link:labelArc xlink:arcrole="http://www.xbrl.org/2003/arcrole/concept-label" xlink:from="dei_DocumentPeriodStartDate" xlink:to="dei_DocumentPeriodStartDate_lbl" xlink:type="arc" />
      <link:label xlink:type="resource" xlink:role="http://www.xbrl.org/2003/role/label" xlink:label="dei_DocumentPeriodStartDate_lbl" xml:lang="en-US">Document Period Start Date</link:label>
      <link:loc xlink:type="locator" xlink:href="https://xbrl.sec.gov/dei/2023/dei-2023.xsd#dei_DocumentPeriodEndDate" xlink:label="dei_DocumentPeriodEndDate" />
      <link:labelArc xlink:arcrole="http://www.xbrl.org/2003/arcrole/concept-label" xlink:from="dei_DocumentPeriodEndDate" xlink:to="dei_DocumentPeriodEndDate_lbl" xlink:type="arc" />
      <link:label xlink:type="resource" xlink:role="http://www.xbrl.org/2003/role/label" xlink:label="dei_DocumentPeriodEndDate_lbl" xml:lang="en-US">Document Period End Date</link:label>
      <link:loc xlink:type="locator" xlink:href="https://xbrl.sec.gov/dei/2023/dei-2023.xsd#dei_DocumentFiscalPeriodFocus" xlink:label="dei_DocumentFiscalPeriodFocus" />
      <link:labelArc xlink:arcrole="http://www.xbrl.org/2003/arcrole/concept-label" xlink:from="dei_DocumentFiscalPeriodFocus" xlink:to="dei_DocumentFiscalPeriodFocus_lbl" xlink:type="arc" />
      <link:label xlink:type="resource" xlink:role="http://www.xbrl.org/2003/role/label" xlink:label="dei_DocumentFiscalPeriodFocus_lbl" xml:lang="en-US">Document Fiscal Period Focus</link:label>
      <link:loc xlink:type="locator" xlink:href="https://xbrl.sec.gov/dei/2023/dei-2023.xsd#dei_DocumentFiscalYearFocus" xlink:label="dei_DocumentFiscalYearFocus" />
      <link:labelArc xlink:arcrole="http://www.xbrl.org/2003/arcrole/concept-label" xlink:from="dei_DocumentFiscalYearFocus" xlink:to="dei_DocumentFiscalYearFocus_lbl" xlink:type="arc" />
      <link:label xlink:type="resource" xlink:role="http://www.xbrl.org/2003/role/label" xlink:label="dei_DocumentFiscalYearFocus_lbl" xml:lang="en-US">Document Fiscal Year Focus</link:label>
      <link:loc xlink:type="locator" xlink:href="https://xbrl.sec.gov/dei/2023/dei-2023.xsd#dei_CurrentFiscalYearEndDate" xlink:label="dei_CurrentFiscalYearEndDate" />
      <link:labelArc xlink:arcrole="http://www.xbrl.org/2003/arcrole/concept-label" xlink:from="dei_CurrentFiscalYearEndDate" xlink:to="dei_CurrentFiscalYearEndDate_lbl" xlink:type="arc" />
      <link:label xlink:type="resource" xlink:role="http://www.xbrl.org/2003/role/label" xlink:label="dei_CurrentFiscalYearEndDate_lbl" xml:lang="en-US">Current Fiscal Year End Date</link:label>
      <link:loc xlink:type="locator" xlink:href="https://xbrl.sec.gov/dei/2023/dei-2023.xsd#dei_EntityFileNumber" xlink:label="dei_EntityFileNumber" />
      <link:labelArc xlink:arcrole="http://www.xbrl.org/2003/arcrole/concept-label" xlink:from="dei_EntityFileNumber" xlink:to="dei_EntityFileNumber_lbl" xlink:type="arc" />
      <link:label xlink:type="resource" xlink:role="http://www.xbrl.org/2003/role/label" xlink:label="dei_EntityFileNumber_lbl" xml:lang="en-US">Entity File Number</link:label>
      <link:loc xlink:type="locator" xlink:href="https://xbrl.sec.gov/dei/2023/dei-2023.xsd#dei_EntityRegistrantName" xlink:label="dei_EntityRegistrantName" />
      <link:labelArc xlink:arcrole="http://www.xbrl.org/2003/arcrole/concept-label" xlink:from="dei_EntityRegistrantName" xlink:to="dei_EntityRegistrantName_lbl" xlink:type="arc" />
      <link:label xlink:type="resource" xlink:role="http://www.xbrl.org/2003/role/label" xlink:label="dei_EntityRegistrantName_lbl" xml:lang="en-US">Entity Registrant Name</link:label>
      <link:loc xlink:type="locator" xlink:href="https://xbrl.sec.gov/dei/2023/dei-2023.xsd#dei_EntityCentralIndexKey" xlink:label="dei_EntityCentralIndexKey" />
      <link:labelArc xlink:arcrole="http://www.xbrl.org/2003/arcrole/concept-label" xlink:from="dei_EntityCentralIndexKey" xlink:to="dei_EntityCentralIndexKey_lbl" xlink:type="arc" />
      <link:label xlink:type="resource" xlink:role="http://www.xbrl.org/2003/role/label" xlink:label="dei_EntityCentralIndexKey_lbl" xml:lang="en-US">Entity Central Index Key</link:label>
      <link:loc xlink:type="locator" xlink:href="https://xbrl.sec.gov/dei/2023/dei-2023.xsd#dei_EntityPrimarySicNumber" xlink:label="dei_EntityPrimarySicNumber" />
      <link:labelArc xlink:arcrole="http://www.xbrl.org/2003/arcrole/concept-label" xlink:from="dei_EntityPrimarySicNumber" xlink:to="dei_EntityPrimarySicNumber_lbl" xlink:type="arc" />
      <link:label xlink:type="resource" xlink:role="http://www.xbrl.org/2003/role/label" xlink:label="dei_EntityPrimarySicNumber_lbl" xml:lang="en-US">Entity Primary SIC Number</link:label>
      <link:loc xlink:type="locator" xlink:href="https://xbrl.sec.gov/dei/2023/dei-2023.xsd#dei_EntityTaxIdentificationNumber" xlink:label="dei_EntityTaxIdentificationNumber" />
      <link:labelArc xlink:arcrole="http://www.xbrl.org/2003/arcrole/concept-label" xlink:from="dei_EntityTaxIdentificationNumber" xlink:to="dei_EntityTaxIdentificationNumber_lbl" xlink:type="arc" />
      <link:label xlink:type="resource" xlink:role="http://www.xbrl.org/2003/role/label" xlink:label="dei_EntityTaxIdentificationNumber_lbl" xml:lang="en-US">Entity Tax Identification Number</link:label>
      <link:loc xlink:type="locator" xlink:href="https://xbrl.sec.gov/dei/2023/dei-2023.xsd#dei_EntityIncorporationStateCountryCode" xlink:label="dei_EntityIncorporationStateCountryCode" />
      <link:labelArc xlink:arcrole="http://www.xbrl.org/2003/arcrole/concept-label" xlink:from="dei_EntityIncorporationStateCountryCode" xlink:to="dei_EntityIncorporationStateCountryCode_lbl" xlink:type="arc" />
      <link:label xlink:type="resource" xlink:role="http://www.xbrl.org/2003/role/label" xlink:label="dei_EntityIncorporationStateCountryCode_lbl" xml:lang="en-US">Entity Incorporation, State or Country Code</link:label>
      <link:loc xlink:type="locator" xlink:href="https://xbrl.sec.gov/dei/2023/dei-2023.xsd#dei_EntityAddressAddressLine1" xlink:label="dei_EntityAddressAddressLine1" />
      <link:labelArc xlink:arcrole="http://www.xbrl.org/2003/arcrole/concept-label" xlink:from="dei_EntityAddressAddressLine1" xlink:to="dei_EntityAddressAddressLine1_lbl" xlink:type="arc" />
      <link:label xlink:type="resource" xlink:role="http://www.xbrl.org/2003/role/label" xlink:label="dei_EntityAddressAddressLine1_lbl" xml:lang="en-US">Entity Address, Address Line One</link:label>
      <link:loc xlink:type="locator" xlink:href="https://xbrl.sec.gov/dei/2023/dei-2023.xsd#dei_EntityAddressAddressLine2" xlink:label="dei_EntityAddressAddressLine2" />
      <link:labelArc xlink:arcrole="http://www.xbrl.org/2003/arcrole/concept-label" xlink:from="dei_EntityAddressAddressLine2" xlink:to="dei_EntityAddressAddressLine2_lbl" xlink:type="arc" />
      <link:label xlink:type="resource" xlink:role="http://www.xbrl.org/2003/role/label" xlink:label="dei_EntityAddressAddressLine2_lbl" xml:lang="en-US">Entity Address, Address Line Two</link:label>
      <link:loc xlink:type="locator" xlink:href="https://xbrl.sec.gov/dei/2023/dei-2023.xsd#dei_EntityAddressAddressLine3" xlink:label="dei_EntityAddressAddressLine3" />
      <link:labelArc xlink:arcrole="http://www.xbrl.org/2003/arcrole/concept-label" xlink:from="dei_EntityAddressAddressLine3" xlink:to="dei_EntityAddressAddressLine3_lbl" xlink:type="arc" />
      <link:label xlink:type="resource" xlink:role="http://www.xbrl.org/2003/role/label" xlink:label="dei_EntityAddressAddressLine3_lbl" xml:lang="en-US">Entity Address, Address Line Three</link:label>
      <link:loc xlink:type="locator" xlink:href="https://xbrl.sec.gov/dei/2023/dei-2023.xsd#dei_EntityAddressCityOrTown" xlink:label="dei_EntityAddressCityOrTown" />
      <link:labelArc xlink:arcrole="http://www.xbrl.org/2003/arcrole/concept-label" xlink:from="dei_EntityAddressCityOrTown" xlink:to="dei_EntityAddressCityOrTown_lbl" xlink:type="arc" />
      <link:label xlink:type="resource" xlink:role="http://www.xbrl.org/2003/role/label" xlink:label="dei_EntityAddressCityOrTown_lbl" xml:lang="en-US">Entity Address, City or Town</link:label>
      <link:loc xlink:type="locator" xlink:href="https://xbrl.sec.gov/dei/2023/dei-2023.xsd#dei_EntityAddressStateOrProvince" xlink:label="dei_EntityAddressStateOrProvince" />
      <link:labelArc xlink:arcrole="http://www.xbrl.org/2003/arcrole/concept-label" xlink:from="dei_EntityAddressStateOrProvince" xlink:to="dei_EntityAddressStateOrProvince_lbl" xlink:type="arc" />
      <link:label xlink:type="resource" xlink:role="http://www.xbrl.org/2003/role/label" xlink:label="dei_EntityAddressStateOrProvince_lbl" xml:lang="en-US">Entity Address, State or Province</link:label>
      <link:loc xlink:type="locator" xlink:href="https://xbrl.sec.gov/dei/2023/dei-2023.xsd#dei_EntityAddressCountry" xlink:label="dei_EntityAddressCountry" />
      <link:labelArc xlink:arcrole="http://www.xbrl.org/2003/arcrole/concept-label" xlink:from="dei_EntityAddressCountry" xlink:to="dei_EntityAddressCountry_lbl" xlink:type="arc" />
      <link:label xlink:type="resource" xlink:role="http://www.xbrl.org/2003/role/label" xlink:label="dei_EntityAddressCountry_lbl" xml:lang="en-US">Entity Address, Country</link:label>
      <link:loc xlink:type="locator" xlink:href="https://xbrl.sec.gov/dei/2023/dei-2023.xsd#dei_EntityAddressPostalZipCode" xlink:label="dei_EntityAddressPostalZipCode" />
      <link:labelArc xlink:arcrole="http://www.xbrl.org/2003/arcrole/concept-label" xlink:from="dei_EntityAddressPostalZipCode" xlink:to="dei_EntityAddressPostalZipCode_lbl" xlink:type="arc" />
      <link:label xlink:type="resource" xlink:role="http://www.xbrl.org/2003/role/label" xlink:label="dei_EntityAddressPostalZipCode_lbl" xml:lang="en-US">Entity Address, Postal Zip Code</link:label>
      <link:loc xlink:type="locator" xlink:href="https://xbrl.sec.gov/dei/2023/dei-2023.xsd#dei_CountryRegion" xlink:label="dei_CountryRegion" />
      <link:labelArc xlink:arcrole="http://www.xbrl.org/2003/arcrole/concept-label" xlink:from="dei_CountryRegion" xlink:to="dei_CountryRegion_lbl" xlink:type="arc" />
      <link:label xlink:type="resource" xlink:role="http://www.xbrl.org/2003/role/label" xlink:label="dei_CountryRegion_lbl" xml:lang="en-US">Country Region</link:label>
      <link:loc xlink:type="locator" xlink:href="https://xbrl.sec.gov/dei/2023/dei-2023.xsd#dei_CityAreaCode" xlink:label="dei_CityAreaCode" />
      <link:labelArc xlink:arcrole="http://www.xbrl.org/2003/arcrole/concept-label" xlink:from="dei_CityAreaCode" xlink:to="dei_CityAreaCode_lbl" xlink:type="arc" />
      <link:label xlink:type="resource" xlink:role="http://www.xbrl.org/2003/role/label" xlink:label="dei_CityAreaCode_lbl" xml:lang="en-US">City Area Code</link:label>
      <link:loc xlink:type="locator" xlink:href="https://xbrl.sec.gov/dei/2023/dei-2023.xsd#dei_LocalPhoneNumber" xlink:label="dei_LocalPhoneNumber" />
      <link:labelArc xlink:arcrole="http://www.xbrl.org/2003/arcrole/concept-label" xlink:from="dei_LocalPhoneNumber" xlink:to="dei_LocalPhoneNumber_lbl" xlink:type="arc" />
      <link:label xlink:type="resource" xlink:role="http://www.xbrl.org/2003/role/label" xlink:label="dei_LocalPhoneNumber_lbl" xml:lang="en-US">Local Phone Number</link:label>
      <link:loc xlink:type="locator" xlink:href="https://xbrl.sec.gov/dei/2023/dei-2023.xsd#dei_Extension" xlink:label="dei_Extension" />
      <link:labelArc xlink:arcrole="http://www.xbrl.org/2003/arcrole/concept-label" xlink:from="dei_Extension" xlink:to="dei_Extension_lbl" xlink:type="arc" />
      <link:label xlink:type="resource" xlink:role="http://www.xbrl.org/2003/role/label" xlink:label="dei_Extension_lbl" xml:lang="en-US">Extension</link:label>
      <link:loc xlink:type="locator" xlink:href="https://xbrl.sec.gov/dei/2023/dei-2023.xsd#dei_WrittenCommunications" xlink:label="dei_WrittenCommunications" />
      <link:labelArc xlink:arcrole="http://www.xbrl.org/2003/arcrole/concept-label" xlink:from="dei_WrittenCommunications" xlink:to="dei_WrittenCommunications_lbl" xlink:type="arc" />
      <link:label xlink:type="resource" xlink:role="http://www.xbrl.org/2003/role/label" xlink:label="dei_WrittenCommunications_lbl" xml:lang="en-US">Written Communications</link:label>
      <link:loc xlink:type="locator" xlink:href="https://xbrl.sec.gov/dei/2023/dei-2023.xsd#dei_SolicitingMaterial" xlink:label="dei_SolicitingMaterial" />
      <link:labelArc xlink:arcrole="http://www.xbrl.org/2003/arcrole/concept-label" xlink:from="dei_SolicitingMaterial" xlink:to="dei_SolicitingMaterial_lbl" xlink:type="arc" />
      <link:label xlink:type="resource" xlink:role="http://www.xbrl.org/2003/role/label" xlink:label="dei_SolicitingMaterial_lbl" xml:lang="en-US">Soliciting Material</link:label>
      <link:loc xlink:type="locator" xlink:href="https://xbrl.sec.gov/dei/2023/dei-2023.xsd#dei_PreCommencementTenderOffer" xlink:label="dei_PreCommencementTenderOffer" />
      <link:labelArc xlink:arcrole="http://www.xbrl.org/2003/arcrole/concept-label" xlink:from="dei_PreCommencementTenderOffer" xlink:to="dei_PreCommencementTenderOffer_lbl" xlink:type="arc" />
      <link:label xlink:type="resource" xlink:role="http://www.xbrl.org/2003/role/label" xlink:label="dei_PreCommencementTenderOffer_lbl" xml:lang="en-US">Pre-commencement Tender Offer</link:label>
      <link:loc xlink:type="locator" xlink:href="https://xbrl.sec.gov/dei/2023/dei-2023.xsd#dei_PreCommencementIssuerTenderOffer" xlink:label="dei_PreCommencementIssuerTenderOffer" />
      <link:labelArc xlink:arcrole="http://www.xbrl.org/2003/arcrole/concept-label" xlink:from="dei_PreCommencementIssuerTenderOffer" xlink:to="dei_PreCommencementIssuerTenderOffer_lbl" xlink:type="arc" />
      <link:label xlink:type="resource" xlink:role="http://www.xbrl.org/2003/role/label" xlink:label="dei_PreCommencementIssuerTenderOffer_lbl" xml:lang="en-US">Pre-commencement Issuer Tender Offer</link:label>
      <link:loc xlink:type="locator" xlink:href="https://xbrl.sec.gov/dei/2023/dei-2023.xsd#dei_Security12bTitle" xlink:label="dei_Security12bTitle" />
      <link:labelArc xlink:arcrole="http://www.xbrl.org/2003/arcrole/concept-label" xlink:from="dei_Security12bTitle" xlink:to="dei_Security12bTitle_lbl" xlink:type="arc" />
      <link:label xlink:type="resource" xlink:role="http://www.xbrl.org/2003/role/label" xlink:label="dei_Security12bTitle_lbl" xml:lang="en-US">Title of 12(b) Security</link:label>
      <link:loc xlink:type="locator" xlink:href="https://xbrl.sec.gov/dei/2023/dei-2023.xsd#dei_NoTradingSymbolFlag" xlink:label="dei_NoTradingSymbolFlag" />
      <link:labelArc xlink:arcrole="http://www.xbrl.org/2003/arcrole/concept-label" xlink:from="dei_NoTradingSymbolFlag" xlink:to="dei_NoTradingSymbolFlag_lbl" xlink:type="arc" />
      <link:label xlink:type="resource" xlink:role="http://www.xbrl.org/2003/role/label" xlink:label="dei_NoTradingSymbolFlag_lbl" xml:lang="en-US">No Trading Symbol Flag</link:label>
      <link:loc xlink:type="locator" xlink:href="https://xbrl.sec.gov/dei/2023/dei-2023.xsd#dei_TradingSymbol" xlink:label="dei_TradingSymbol" />
      <link:labelArc xlink:arcrole="http://www.xbrl.org/2003/arcrole/concept-label" xlink:from="dei_TradingSymbol" xlink:to="dei_TradingSymbol_lbl" xlink:type="arc" />
      <link:label xlink:type="resource" xlink:role="http://www.xbrl.org/2003/role/label" xlink:label="dei_TradingSymbol_lbl" xml:lang="en-US">Trading Symbol</link:label>
      <link:loc xlink:type="locator" xlink:href="https://xbrl.sec.gov/dei/2023/dei-2023.xsd#dei_SecurityExchangeName" xlink:label="dei_SecurityExchangeName" />
      <link:labelArc xlink:arcrole="http://www.xbrl.org/2003/arcrole/concept-label" xlink:from="dei_SecurityExchangeName" xlink:to="dei_SecurityExchangeName_lbl" xlink:type="arc" />
      <link:label xlink:type="resource" xlink:role="http://www.xbrl.org/2003/role/label" xlink:label="dei_SecurityExchangeName_lbl" xml:lang="en-US">Security Exchange Name</link:label>
      <link:loc xlink:type="locator" xlink:href="https://xbrl.sec.gov/dei/2023/dei-2023.xsd#dei_Security12gTitle" xlink:label="dei_Security12gTitle" />
      <link:labelArc xlink:arcrole="http://www.xbrl.org/2003/arcrole/concept-label" xlink:from="dei_Security12gTitle" xlink:to="dei_Security12gTitle_lbl" xlink:type="arc" />
      <link:label xlink:type="resource" xlink:role="http://www.xbrl.org/2003/role/label" xlink:label="dei_Security12gTitle_lbl" xml:lang="en-US">Title of 12(g) Security</link:label>
      <link:loc xlink:type="locator" xlink:href="https://xbrl.sec.gov/dei/2023/dei-2023.xsd#dei_SecurityReportingObligation" xlink:label="dei_SecurityReportingObligation" />
      <link:labelArc xlink:arcrole="http://www.xbrl.org/2003/arcrole/concept-label" xlink:from="dei_SecurityReportingObligation" xlink:to="dei_SecurityReportingObligation_lbl" xlink:type="arc" />
      <link:label xlink:type="resource" xlink:role="http://www.xbrl.org/2003/role/label" xlink:label="dei_SecurityReportingObligation_lbl" xml:lang="en-US">Security Reporting Obligation</link:label>
      <link:loc xlink:type="locator" xlink:href="https://xbrl.sec.gov/dei/2023/dei-2023.xsd#dei_AnnualInformationForm" xlink:label="dei_AnnualInformationForm" />
      <link:labelArc xlink:arcrole="http://www.xbrl.org/2003/arcrole/concept-label" xlink:from="dei_AnnualInformationForm" xlink:to="dei_AnnualInformationForm_lbl" xlink:type="arc" />
      <link:label xlink:type="resource" xlink:role="http://www.xbrl.org/2003/role/label" xlink:label="dei_AnnualInformationForm_lbl" xml:lang="en-US">Annual Information Form</link:label>
      <link:loc xlink:type="locator" xlink:href="https://xbrl.sec.gov/dei/2023/dei-2023.xsd#dei_AuditedAnnualFinancialStatements" xlink:label="dei_AuditedAnnualFinancialStatements" />
      <link:labelArc xlink:arcrole="http://www.xbrl.org/2003/arcrole/concept-label" xlink:from="dei_AuditedAnnualFinancialStatements" xlink:to="dei_AuditedAnnualFinancialStatements_lbl" xlink:type="arc" />
      <link:label xlink:type="resource" xlink:role="http://www.xbrl.org/2003/role/label" xlink:label="dei_AuditedAnnualFinancialStatements_lbl" xml:lang="en-US">Audited Annual Financial Statements</link:label>
      <link:loc xlink:type="locator" xlink:href="https://xbrl.sec.gov/dei/2023/dei-2023.xsd#dei_EntityWellKnownSeasonedIssuer" xlink:label="dei_EntityWellKnownSeasonedIssuer" />
      <link:labelArc xlink:arcrole="http://www.xbrl.org/2003/arcrole/concept-label" xlink:from="dei_EntityWellKnownSeasonedIssuer" xlink:to="dei_EntityWellKnownSeasonedIssuer_lbl" xlink:type="arc" />
      <link:label xlink:type="resource" xlink:role="http://www.xbrl.org/2003/role/label" xlink:label="dei_EntityWellKnownSeasonedIssuer_lbl" xml:lang="en-US">Entity Well-known Seasoned Issuer</link:label>
      <link:loc xlink:type="locator" xlink:href="https://xbrl.sec.gov/dei/2023/dei-2023.xsd#dei_EntityVoluntaryFilers" xlink:label="dei_EntityVoluntaryFilers" />
      <link:labelArc xlink:arcrole="http://www.xbrl.org/2003/arcrole/concept-label" xlink:from="dei_EntityVoluntaryFilers" xlink:to="dei_EntityVoluntaryFilers_lbl" xlink:type="arc" />
      <link:label xlink:type="resource" xlink:role="http://www.xbrl.org/2003/role/label" xlink:label="dei_EntityVoluntaryFilers_lbl" xml:lang="en-US">Entity Voluntary Filers</link:label>
      <link:loc xlink:type="locator" xlink:href="https://xbrl.sec.gov/dei/2023/dei-2023.xsd#dei_EntityCurrentReportingStatus" xlink:label="dei_EntityCurrentReportingStatus" />
      <link:labelArc xlink:arcrole="http://www.xbrl.org/2003/arcrole/concept-label" xlink:from="dei_EntityCurrentReportingStatus" xlink:to="dei_EntityCurrentReportingStatus_lbl" xlink:type="arc" />
      <link:label xlink:type="resource" xlink:role="http://www.xbrl.org/2003/role/label" xlink:label="dei_EntityCurrentReportingStatus_lbl" xml:lang="en-US">Entity Current Reporting Status</link:label>
      <link:loc xlink:type="locator" xlink:href="https://xbrl.sec.gov/dei/2023/dei-2023.xsd#dei_EntityInteractiveDataCurrent" xlink:label="dei_EntityInteractiveDataCurrent" />
      <link:labelArc xlink:arcrole="http://www.xbrl.org/2003/arcrole/concept-label" xlink:from="dei_EntityInteractiveDataCurrent" xlink:to="dei_EntityInteractiveDataCurrent_lbl" xlink:type="arc" />
      <link:label xlink:type="resource" xlink:role="http://www.xbrl.org/2003/role/label" xlink:label="dei_EntityInteractiveDataCurrent_lbl" xml:lang="en-US">Entity Interactive Data Current</link:label>
      <link:loc xlink:type="locator" xlink:href="https://xbrl.sec.gov/dei/2023/dei-2023.xsd#dei_EntityFilerCategory" xlink:label="dei_EntityFilerCategory" />
      <link:labelArc xlink:arcrole="http://www.xbrl.org/2003/arcrole/concept-label" xlink:from="dei_EntityFilerCategory" xlink:to="dei_EntityFilerCategory_lbl" xlink:type="arc" />
      <link:label xlink:type="resource" xlink:role="http://www.xbrl.org/2003/role/label" xlink:label="dei_EntityFilerCategory_lbl" xml:lang="en-US">Entity Filer Category</link:label>
      <link:loc xlink:type="locator" xlink:href="https://xbrl.sec.gov/dei/2023/dei-2023.xsd#dei_EntitySmallBusiness" xlink:label="dei_EntitySmallBusiness" />
      <link:labelArc xlink:arcrole="http://www.xbrl.org/2003/arcrole/concept-label" xlink:from="dei_EntitySmallBusiness" xlink:to="dei_EntitySmallBusiness_lbl" xlink:type="arc" />
      <link:label xlink:type="resource" xlink:role="http://www.xbrl.org/2003/role/label" xlink:label="dei_EntitySmallBusiness_lbl" xml:lang="en-US">Entity Small Business</link:label>
      <link:loc xlink:type="locator" xlink:href="https://xbrl.sec.gov/dei/2023/dei-2023.xsd#dei_EntityEmergingGrowthCompany" xlink:label="dei_EntityEmergingGrowthCompany" />
      <link:labelArc xlink:arcrole="http://www.xbrl.org/2003/arcrole/concept-label" xlink:from="dei_EntityEmergingGrowthCompany" xlink:to="dei_EntityEmergingGrowthCompany_lbl" xlink:type="arc" />
      <link:label xlink:type="resource" xlink:role="http://www.xbrl.org/2003/role/label" xlink:label="dei_EntityEmergingGrowthCompany_lbl" xml:lang="en-US">Entity Emerging Growth Company</link:label>
      <link:loc xlink:type="locator" xlink:href="https://xbrl.sec.gov/dei/2023/dei-2023.xsd#dei_EntityExTransitionPeriod" xlink:label="dei_EntityExTransitionPeriod" />
      <link:labelArc xlink:arcrole="http://www.xbrl.org/2003/arcrole/concept-label" xlink:from="dei_EntityExTransitionPeriod" xlink:to="dei_EntityExTransitionPeriod_lbl" xlink:type="arc" />
      <link:label xlink:type="resource" xlink:role="http://www.xbrl.org/2003/role/label" xlink:label="dei_EntityExTransitionPeriod_lbl" xml:lang="en-US">Elected Not To Use the Extended Transition Period</link:label>
      <link:loc xlink:type="locator" xlink:href="https://xbrl.sec.gov/dei/2023/dei-2023.xsd#dei_DocumentAccountingStandard" xlink:label="dei_DocumentAccountingStandard" />
      <link:labelArc xlink:arcrole="http://www.xbrl.org/2003/arcrole/concept-label" xlink:from="dei_DocumentAccountingStandard" xlink:to="dei_DocumentAccountingStandard_lbl" xlink:type="arc" />
      <link:label xlink:type="resource" xlink:role="http://www.xbrl.org/2003/role/label" xlink:label="dei_DocumentAccountingStandard_lbl" xml:lang="en-US">Document Accounting Standard</link:label>
      <link:loc xlink:type="locator" xlink:href="https://xbrl.sec.gov/dei/2023/dei-2023.xsd#dei_OtherReportingStandardItemNumber" xlink:label="dei_OtherReportingStandardItemNumber" />
      <link:labelArc xlink:arcrole="http://www.xbrl.org/2003/arcrole/concept-label" xlink:from="dei_OtherReportingStandardItemNumber" xlink:to="dei_OtherReportingStandardItemNumber_lbl" xlink:type="arc" />
      <link:label xlink:type="resource" xlink:role="http://www.xbrl.org/2003/role/label" xlink:label="dei_OtherReportingStandardItemNumber_lbl" xml:lang="en-US">Other Reporting Standard Item Number</link:label>
      <link:loc xlink:type="locator" xlink:href="https://xbrl.sec.gov/dei/2023/dei-2023.xsd#dei_EntityShellCompany" xlink:label="dei_EntityShellCompany" />
      <link:labelArc xlink:arcrole="http://www.xbrl.org/2003/arcrole/concept-label" xlink:from="dei_EntityShellCompany" xlink:to="dei_EntityShellCompany_lbl" xlink:type="arc" />
      <link:label xlink:type="resource" xlink:role="http://www.xbrl.org/2003/role/label" xlink:label="dei_EntityShellCompany_lbl" xml:lang="en-US">Entity Shell Company</link:label>
      <link:loc xlink:type="locator" xlink:href="https://xbrl.sec.gov/dei/2023/dei-2023.xsd#dei_EntityPublicFloat" xlink:label="dei_EntityPublicFloat" />
      <link:labelArc xlink:arcrole="http://www.xbrl.org/2003/arcrole/concept-label" xlink:from="dei_EntityPublicFloat" xlink:to="dei_EntityPublicFloat_lbl" xlink:type="arc" />
      <link:label xlink:type="resource" xlink:role="http://www.xbrl.org/2003/role/label" xlink:label="dei_EntityPublicFloat_lbl" xml:lang="en-US">Entity Public Float</link:label>
      <link:loc xlink:type="locator" xlink:href="https://xbrl.sec.gov/dei/2023/dei-2023.xsd#dei_EntityBankruptcyProceedingsReportingCurrent" xlink:label="dei_EntityBankruptcyProceedingsReportingCurrent" />
      <link:labelArc xlink:arcrole="http://www.xbrl.org/2003/arcrole/concept-label" xlink:from="dei_EntityBankruptcyProceedingsReportingCurrent" xlink:to="dei_EntityBankruptcyProceedingsReportingCurrent_lbl" xlink:type="arc" />
      <link:label xlink:type="resource" xlink:role="http://www.xbrl.org/2003/role/label" xlink:label="dei_EntityBankruptcyProceedingsReportingCurrent_lbl" xml:lang="en-US">Entity Bankruptcy Proceedings, Reporting Current</link:label>
      <link:loc xlink:type="locator" xlink:href="https://xbrl.sec.gov/dei/2023/dei-2023.xsd#dei_EntityCommonStockSharesOutstanding" xlink:label="dei_EntityCommonStockSharesOutstanding" />
      <link:labelArc xlink:arcrole="http://www.xbrl.org/2003/arcrole/concept-label" xlink:from="dei_EntityCommonStockSharesOutstanding" xlink:to="dei_EntityCommonStockSharesOutstanding_lbl" xlink:type="arc" />
      <link:label xlink:type="resource" xlink:role="http://www.xbrl.org/2003/role/label" xlink:label="dei_EntityCommonStockSharesOutstanding_lbl" xml:lang="en-US">Entity Common Stock, Shares Outstanding</link:label>
      <link:loc xlink:type="locator" xlink:href="https://xbrl.sec.gov/dei/2023/dei-2023.xsd#dei_DocumentsIncorporatedByReferenceTextBlock" xlink:label="dei_DocumentsIncorporatedByReferenceTextBlock" />
      <link:labelArc xlink:arcrole="http://www.xbrl.org/2003/arcrole/concept-label" xlink:from="dei_DocumentsIncorporatedByReferenceTextBlock" xlink:to="dei_DocumentsIncorporatedByReferenceTextBlock_lbl" xlink:type="arc" />
      <link:label xlink:type="resource" xlink:role="http://www.xbrl.org/2003/role/label" xlink:label="dei_DocumentsIncorporatedByReferenceTextBlock_lbl" xml:lang="en-US">Documents Incorporated by Reference [Text Block]</link:label>
      <link:labelArc xlink:arcrole="http://www.xbrl.org/2003/arcrole/concept-label" xlink:from="MSFT_NotesTwoPointSixTwoFivePercentDueMayTwoTwentyThirtyThreeMember" xlink:to="MSFT_NotesTwoPointSixTwoFivePercentDueMayTwoTwentyThirtyThreeMember_doc" xlink:type="arc" />
      <link:label xlink:type="resource" xlink:role="http://www.xbrl.org/2003/role/documentation" xlink:label="MSFT_NotesTwoPointSixTwoFivePercentDueMayTwoTwentyThirtyThreeMember_doc" xml:lang="en-US">2.625% Notes due 2033 [Member]</link:label>
      <link:labelArc xlink:arcrole="http://www.xbrl.org/2003/arcrole/concept-label" xlink:from="MSFT_NotesThreePointOneTwoFivePercentDueDecemberSixTwentyTwentyEightMember" xlink:to="MSFT_NotesThreePointOneTwoFivePercentDueDecemberSixTwentyTwentyEightMember_doc" xlink:type="arc" />
      <link:label xlink:type="resource" xlink:role="http://www.xbrl.org/2003/role/documentation" xlink:label="MSFT_NotesThreePointOneTwoFivePercentDueDecemberSixTwentyTwentyEightMember_doc" xml:lang="en-US">3.125% Notes due 2028 [Member]</link:label>
    </link:labelLink>
</link:linkbase>
