<?xml version="1.0" encoding="US-ASCII" standalone="no"?>
    <!-- Field: Doc-Info; Name: Generator; Value: GoFiler Complete; Version: 5.20a -->
    <!-- Field: Doc-Info; Name: VendorURI; Value: https://www.novaworks.com -->
    <!-- Field: Doc-Info; Name: Status; Value: 0x00000000 -->
<link:linkbase xmlns:xsi="http://www.w3.org/2001/XMLSchema-instance" xmlns:xlink="http://www.w3.org/1999/xlink" xmlns:link="http://www.xbrl.org/2003/linkbase" xmlns:xbrldt="http://xbrl.org/2005/xbrldt" xmlns:xbrli="http://www.xbrl.org/2003/instance" xsi:schemaLocation="http://www.xbrl.org/2003/linkbase http://www.xbrl.org/2003/xbrl-linkbase-2003-12-31.xsd">
    <link:roleRef roleURI="http://microsoft.com/role/Cover" xlink:href="msft-20231016.xsd#Cover" xlink:type="simple" />
    <link:arcroleRef xlink:type="simple" xlink:href="http://www.xbrl.org/2005/xbrldt-2005.xsd#hypercube-dimension" arcroleURI="http://xbrl.org/int/dim/arcrole/hypercube-dimension" />
    <link:arcroleRef xlink:type="simple" xlink:href="http://www.xbrl.org/2005/xbrldt-2005.xsd#dimension-domain" arcroleURI="http://xbrl.org/int/dim/arcrole/dimension-domain" />
    <link:arcroleRef xlink:type="simple" xlink:href="http://www.xbrl.org/2005/xbrldt-2005.xsd#domain-member" arcroleURI="http://xbrl.org/int/dim/arcrole/domain-member" />
    <link:arcroleRef xlink:type="simple" xlink:href="http://www.xbrl.org/2005/xbrldt-2005.xsd#all" arcroleURI="http://xbrl.org/int/dim/arcrole/all" />
    <link:arcroleRef xlink:type="simple" xlink:href="http://www.xbrl.org/2005/xbrldt-2005.xsd#notAll" arcroleURI="http://xbrl.org/int/dim/arcrole/notAll" />
    <link:arcroleRef xlink:type="simple" xlink:href="http://www.xbrl.org/2005/xbrldt-2005.xsd#dimension-default" arcroleURI="http://xbrl.org/int/dim/arcrole/dimension-default" />
    <link:definitionLink xlink:type="extended" xlink:role="http://microsoft.com/role/Cover" xlink:title="00000001 - Document - Cover">
      <link:loc xlink:type="locator" xlink:href="https://xbrl.fasb.org/us-gaap/2023/elts/us-gaap-2023.xsd#us-gaap_StatementLineItems" xlink:label="loc_us-gaapStatementLineItems" />
      <link:loc xlink:type="locator" xlink:href="https://xbrl.fasb.org/us-gaap/2023/elts/us-gaap-2023.xsd#us-gaap_StatementTable" xlink:label="loc_us-gaapStatementTable" />
      <link:definitionArc xlink:arcrole="http://xbrl.org/int/dim/arcrole/all" xbrldt:contextElement="segment" xlink:from="loc_us-gaapStatementLineItems" xlink:to="loc_us-gaapStatementTable" xlink:type="arc" order="10" xbrldt:closed="true" />
      <link:loc xlink:type="locator" xlink:href="https://xbrl.fasb.org/us-gaap/2023/elts/us-gaap-2023.xsd#us-gaap_StatementClassOfStockAxis" xlink:label="loc_us-gaapStatementClassOfStockAxis" />
      <link:definitionArc xlink:arcrole="http://xbrl.org/int/dim/arcrole/hypercube-dimension" xlink:from="loc_us-gaapStatementTable" xlink:to="loc_us-gaapStatementClassOfStockAxis" xlink:type="arc" order="1" />
      <link:loc xlink:type="locator" xlink:href="https://xbrl.fasb.org/us-gaap/2023/elts/us-gaap-2023.xsd#us-gaap_ClassOfStockDomain" xlink:label="loc_us-gaapClassOfStockDomain" />
      <link:definitionArc xlink:arcrole="http://xbrl.org/int/dim/arcrole/dimension-domain" xlink:from="loc_us-gaapStatementClassOfStockAxis" xlink:to="loc_us-gaapClassOfStockDomain" xlink:type="arc" order="20" />
      <link:loc xlink:type="locator" xlink:href="https://xbrl.fasb.org/us-gaap/2023/elts/us-gaap-2023.xsd#us-gaap_ClassOfStockDomain" xlink:label="loc_us-gaapClassOfStockDomain_10" />
      <link:definitionArc xlink:arcrole="http://xbrl.org/int/dim/arcrole/dimension-default" xbrldt:contextElement="segment" xlink:from="loc_us-gaapStatementClassOfStockAxis" xlink:to="loc_us-gaapClassOfStockDomain_10" xlink:type="arc" order="30" />
      <link:loc xlink:type="locator" xlink:href="https://xbrl.fasb.org/us-gaap/2023/elts/us-gaap-2023.xsd#us-gaap_CommonStockMember" xlink:label="loc_us-gaapCommonStockMember_10" />
      <link:definitionArc xlink:arcrole="http://xbrl.org/int/dim/arcrole/domain-member" xlink:from="loc_us-gaapClassOfStockDomain" xlink:to="loc_us-gaapCommonStockMember_10" xlink:type="arc" order="11" />
      <link:loc xlink:type="locator" xlink:href="msft-20231016.xsd#MSFT_NotesThreePointOneTwoFivePercentDueDecemberSixTwentyTwentyEightMember" xlink:label="loc_MSFTNotesThreePointOneTwoFivePercentDueDecemberSixTwentyTwentyEightMember_20" />
      <link:definitionArc xlink:arcrole="http://xbrl.org/int/dim/arcrole/domain-member" xlink:from="loc_us-gaapClassOfStockDomain" xlink:to="loc_MSFTNotesThreePointOneTwoFivePercentDueDecemberSixTwentyTwentyEightMember_20" xlink:type="arc" order="21" />
      <link:loc xlink:type="locator" xlink:href="msft-20231016.xsd#MSFT_NotesTwoPointSixTwoFivePercentDueMayTwoTwentyThirtyThreeMember" xlink:label="loc_MSFTNotesTwoPointSixTwoFivePercentDueMayTwoTwentyThirtyThreeMember_30" />
      <link:definitionArc xlink:arcrole="http://xbrl.org/int/dim/arcrole/domain-member" xlink:from="loc_us-gaapClassOfStockDomain" xlink:to="loc_MSFTNotesTwoPointSixTwoFivePercentDueMayTwoTwentyThirtyThreeMember_30" xlink:type="arc" order="31" />
      <link:loc xlink:type="locator" xlink:href="https://xbrl.sec.gov/dei/2023/dei-2023.xsd#dei_DocumentType" xlink:label="loc_deiDocumentType_50" />
      <link:definitionArc xlink:arcrole="http://xbrl.org/int/dim/arcrole/domain-member" xlink:from="loc_us-gaapStatementLineItems" xlink:to="loc_deiDocumentType_50" xlink:type="arc" order="0" />
      <link:loc xlink:type="locator" xlink:href="https://xbrl.sec.gov/dei/2023/dei-2023.xsd#dei_AmendmentFlag" xlink:label="loc_deiAmendmentFlag_50" />
      <link:definitionArc xlink:arcrole="http://xbrl.org/int/dim/arcrole/domain-member" xlink:from="loc_us-gaapStatementLineItems" xlink:to="loc_deiAmendmentFlag_50" xlink:type="arc" order="1" />
      <link:loc xlink:type="locator" xlink:href="https://xbrl.sec.gov/dei/2023/dei-2023.xsd#dei_AmendmentDescription" xlink:label="loc_deiAmendmentDescription_50" />
      <link:definitionArc xlink:arcrole="http://xbrl.org/int/dim/arcrole/domain-member" xlink:from="loc_us-gaapStatementLineItems" xlink:to="loc_deiAmendmentDescription_50" xlink:type="arc" order="2" />
      <link:loc xlink:type="locator" xlink:href="https://xbrl.sec.gov/dei/2023/dei-2023.xsd#dei_DocumentRegistrationStatement" xlink:label="loc_deiDocumentRegistrationStatement_50" />
      <link:definitionArc xlink:arcrole="http://xbrl.org/int/dim/arcrole/domain-member" xlink:from="loc_us-gaapStatementLineItems" xlink:to="loc_deiDocumentRegistrationStatement_50" xlink:type="arc" order="3" />
      <link:loc xlink:type="locator" xlink:href="https://xbrl.sec.gov/dei/2023/dei-2023.xsd#dei_DocumentAnnualReport" xlink:label="loc_deiDocumentAnnualReport_50" />
      <link:definitionArc xlink:arcrole="http://xbrl.org/int/dim/arcrole/domain-member" xlink:from="loc_us-gaapStatementLineItems" xlink:to="loc_deiDocumentAnnualReport_50" xlink:type="arc" order="4" />
      <link:loc xlink:type="locator" xlink:href="https://xbrl.sec.gov/dei/2023/dei-2023.xsd#dei_DocumentQuarterlyReport" xlink:label="loc_deiDocumentQuarterlyReport_50" />
      <link:definitionArc xlink:arcrole="http://xbrl.org/int/dim/arcrole/domain-member" xlink:from="loc_us-gaapStatementLineItems" xlink:to="loc_deiDocumentQuarterlyReport_50" xlink:type="arc" order="5" />
      <link:loc xlink:type="locator" xlink:href="https://xbrl.sec.gov/dei/2023/dei-2023.xsd#dei_DocumentTransitionReport" xlink:label="loc_deiDocumentTransitionReport_50" />
      <link:definitionArc xlink:arcrole="http://xbrl.org/int/dim/arcrole/domain-member" xlink:from="loc_us-gaapStatementLineItems" xlink:to="loc_deiDocumentTransitionReport_50" xlink:type="arc" order="6" />
      <link:loc xlink:type="locator" xlink:href="https://xbrl.sec.gov/dei/2023/dei-2023.xsd#dei_DocumentShellCompanyReport" xlink:label="loc_deiDocumentShellCompanyReport_50" />
      <link:definitionArc xlink:arcrole="http://xbrl.org/int/dim/arcrole/domain-member" xlink:from="loc_us-gaapStatementLineItems" xlink:to="loc_deiDocumentShellCompanyReport_50" xlink:type="arc" order="7" />
      <link:loc xlink:type="locator" xlink:href="https://xbrl.sec.gov/dei/2023/dei-2023.xsd#dei_DocumentShellCompanyEventDate" xlink:label="loc_deiDocumentShellCompanyEventDate_50" />
      <link:definitionArc xlink:arcrole="http://xbrl.org/int/dim/arcrole/domain-member" xlink:from="loc_us-gaapStatementLineItems" xlink:to="loc_deiDocumentShellCompanyEventDate_50" xlink:type="arc" order="8" />
      <link:loc xlink:type="locator" xlink:href="https://xbrl.sec.gov/dei/2023/dei-2023.xsd#dei_DocumentPeriodStartDate" xlink:label="loc_deiDocumentPeriodStartDate_50" />
      <link:definitionArc xlink:arcrole="http://xbrl.org/int/dim/arcrole/domain-member" xlink:from="loc_us-gaapStatementLineItems" xlink:to="loc_deiDocumentPeriodStartDate_50" xlink:type="arc" order="9" />
      <link:loc xlink:type="locator" xlink:href="https://xbrl.sec.gov/dei/2023/dei-2023.xsd#dei_DocumentPeriodEndDate" xlink:label="loc_deiDocumentPeriodEndDate_50" />
      <link:definitionArc xlink:arcrole="http://xbrl.org/int/dim/arcrole/domain-member" xlink:from="loc_us-gaapStatementLineItems" xlink:to="loc_deiDocumentPeriodEndDate_50" xlink:type="arc" order="10" />
      <link:loc xlink:type="locator" xlink:href="https://xbrl.sec.gov/dei/2023/dei-2023.xsd#dei_DocumentFiscalPeriodFocus" xlink:label="loc_deiDocumentFiscalPeriodFocus_50" />
      <link:definitionArc xlink:arcrole="http://xbrl.org/int/dim/arcrole/domain-member" xlink:from="loc_us-gaapStatementLineItems" xlink:to="loc_deiDocumentFiscalPeriodFocus_50" xlink:type="arc" order="11" />
      <link:loc xlink:type="locator" xlink:href="https://xbrl.sec.gov/dei/2023/dei-2023.xsd#dei_DocumentFiscalYearFocus" xlink:label="loc_deiDocumentFiscalYearFocus_50" />
      <link:definitionArc xlink:arcrole="http://xbrl.org/int/dim/arcrole/domain-member" xlink:from="loc_us-gaapStatementLineItems" xlink:to="loc_deiDocumentFiscalYearFocus_50" xlink:type="arc" order="12" />
      <link:loc xlink:type="locator" xlink:href="https://xbrl.sec.gov/dei/2023/dei-2023.xsd#dei_CurrentFiscalYearEndDate" xlink:label="loc_deiCurrentFiscalYearEndDate_50" />
      <link:definitionArc xlink:arcrole="http://xbrl.org/int/dim/arcrole/domain-member" xlink:from="loc_us-gaapStatementLineItems" xlink:to="loc_deiCurrentFiscalYearEndDate_50" xlink:type="arc" order="13" />
      <link:loc xlink:type="locator" xlink:href="https://xbrl.sec.gov/dei/2023/dei-2023.xsd#dei_EntityFileNumber" xlink:label="loc_deiEntityFileNumber_50" />
      <link:definitionArc xlink:arcrole="http://xbrl.org/int/dim/arcrole/domain-member" xlink:from="loc_us-gaapStatementLineItems" xlink:to="loc_deiEntityFileNumber_50" xlink:type="arc" order="14" />
      <link:loc xlink:type="locator" xlink:href="https://xbrl.sec.gov/dei/2023/dei-2023.xsd#dei_EntityRegistrantName" xlink:label="loc_deiEntityRegistrantName_50" />
      <link:definitionArc xlink:arcrole="http://xbrl.org/int/dim/arcrole/domain-member" xlink:from="loc_us-gaapStatementLineItems" xlink:to="loc_deiEntityRegistrantName_50" xlink:type="arc" order="15" />
      <link:loc xlink:type="locator" xlink:href="https://xbrl.sec.gov/dei/2023/dei-2023.xsd#dei_EntityCentralIndexKey" xlink:label="loc_deiEntityCentralIndexKey_50" />
      <link:definitionArc xlink:arcrole="http://xbrl.org/int/dim/arcrole/domain-member" xlink:from="loc_us-gaapStatementLineItems" xlink:to="loc_deiEntityCentralIndexKey_50" xlink:type="arc" order="16" />
      <link:loc xlink:type="locator" xlink:href="https://xbrl.sec.gov/dei/2023/dei-2023.xsd#dei_EntityPrimarySicNumber" xlink:label="loc_deiEntityPrimarySicNumber_50" />
      <link:definitionArc xlink:arcrole="http://xbrl.org/int/dim/arcrole/domain-member" xlink:from="loc_us-gaapStatementLineItems" xlink:to="loc_deiEntityPrimarySicNumber_50" xlink:type="arc" order="17" />
      <link:loc xlink:type="locator" xlink:href="https://xbrl.sec.gov/dei/2023/dei-2023.xsd#dei_EntityTaxIdentificationNumber" xlink:label="loc_deiEntityTaxIdentificationNumber_50" />
      <link:definitionArc xlink:arcrole="http://xbrl.org/int/dim/arcrole/domain-member" xlink:from="loc_us-gaapStatementLineItems" xlink:to="loc_deiEntityTaxIdentificationNumber_50" xlink:type="arc" order="18" />
      <link:loc xlink:type="locator" xlink:href="https://xbrl.sec.gov/dei/2023/dei-2023.xsd#dei_EntityIncorporationStateCountryCode" xlink:label="loc_deiEntityIncorporationStateCountryCode_50" />
      <link:definitionArc xlink:arcrole="http://xbrl.org/int/dim/arcrole/domain-member" xlink:from="loc_us-gaapStatementLineItems" xlink:to="loc_deiEntityIncorporationStateCountryCode_50" xlink:type="arc" order="19" />
      <link:loc xlink:type="locator" xlink:href="https://xbrl.sec.gov/dei/2023/dei-2023.xsd#dei_EntityAddressAddressLine1" xlink:label="loc_deiEntityAddressAddressLine1_50" />
      <link:definitionArc xlink:arcrole="http://xbrl.org/int/dim/arcrole/domain-member" xlink:from="loc_us-gaapStatementLineItems" xlink:to="loc_deiEntityAddressAddressLine1_50" xlink:type="arc" order="20" />
      <link:loc xlink:type="locator" xlink:href="https://xbrl.sec.gov/dei/2023/dei-2023.xsd#dei_EntityAddressAddressLine2" xlink:label="loc_deiEntityAddressAddressLine2_50" />
      <link:definitionArc xlink:arcrole="http://xbrl.org/int/dim/arcrole/domain-member" xlink:from="loc_us-gaapStatementLineItems" xlink:to="loc_deiEntityAddressAddressLine2_50" xlink:type="arc" order="21" />
      <link:loc xlink:type="locator" xlink:href="https://xbrl.sec.gov/dei/2023/dei-2023.xsd#dei_EntityAddressAddressLine3" xlink:label="loc_deiEntityAddressAddressLine3_50" />
      <link:definitionArc xlink:arcrole="http://xbrl.org/int/dim/arcrole/domain-member" xlink:from="loc_us-gaapStatementLineItems" xlink:to="loc_deiEntityAddressAddressLine3_50" xlink:type="arc" order="22" />
      <link:loc xlink:type="locator" xlink:href="https://xbrl.sec.gov/dei/2023/dei-2023.xsd#dei_EntityAddressCityOrTown" xlink:label="loc_deiEntityAddressCityOrTown_50" />
      <link:definitionArc xlink:arcrole="http://xbrl.org/int/dim/arcrole/domain-member" xlink:from="loc_us-gaapStatementLineItems" xlink:to="loc_deiEntityAddressCityOrTown_50" xlink:type="arc" order="23" />
      <link:loc xlink:type="locator" xlink:href="https://xbrl.sec.gov/dei/2023/dei-2023.xsd#dei_EntityAddressStateOrProvince" xlink:label="loc_deiEntityAddressStateOrProvince_50" />
      <link:definitionArc xlink:arcrole="http://xbrl.org/int/dim/arcrole/domain-member" xlink:from="loc_us-gaapStatementLineItems" xlink:to="loc_deiEntityAddressStateOrProvince_50" xlink:type="arc" order="24" />
      <link:loc xlink:type="locator" xlink:href="https://xbrl.sec.gov/dei/2023/dei-2023.xsd#dei_EntityAddressCountry" xlink:label="loc_deiEntityAddressCountry_50" />
      <link:definitionArc xlink:arcrole="http://xbrl.org/int/dim/arcrole/domain-member" xlink:from="loc_us-gaapStatementLineItems" xlink:to="loc_deiEntityAddressCountry_50" xlink:type="arc" order="25" />
      <link:loc xlink:type="locator" xlink:href="https://xbrl.sec.gov/dei/2023/dei-2023.xsd#dei_EntityAddressPostalZipCode" xlink:label="loc_deiEntityAddressPostalZipCode_50" />
      <link:definitionArc xlink:arcrole="http://xbrl.org/int/dim/arcrole/domain-member" xlink:from="loc_us-gaapStatementLineItems" xlink:to="loc_deiEntityAddressPostalZipCode_50" xlink:type="arc" order="26" />
      <link:loc xlink:type="locator" xlink:href="https://xbrl.sec.gov/dei/2023/dei-2023.xsd#dei_CountryRegion" xlink:label="loc_deiCountryRegion_50" />
      <link:definitionArc xlink:arcrole="http://xbrl.org/int/dim/arcrole/domain-member" xlink:from="loc_us-gaapStatementLineItems" xlink:to="loc_deiCountryRegion_50" xlink:type="arc" order="27" />
      <link:loc xlink:type="locator" xlink:href="https://xbrl.sec.gov/dei/2023/dei-2023.xsd#dei_CityAreaCode" xlink:label="loc_deiCityAreaCode_50" />
      <link:definitionArc xlink:arcrole="http://xbrl.org/int/dim/arcrole/domain-member" xlink:from="loc_us-gaapStatementLineItems" xlink:to="loc_deiCityAreaCode_50" xlink:type="arc" order="28" />
      <link:loc xlink:type="locator" xlink:href="https://xbrl.sec.gov/dei/2023/dei-2023.xsd#dei_LocalPhoneNumber" xlink:label="loc_deiLocalPhoneNumber_50" />
      <link:definitionArc xlink:arcrole="http://xbrl.org/int/dim/arcrole/domain-member" xlink:from="loc_us-gaapStatementLineItems" xlink:to="loc_deiLocalPhoneNumber_50" xlink:type="arc" order="29" />
      <link:loc xlink:type="locator" xlink:href="https://xbrl.sec.gov/dei/2023/dei-2023.xsd#dei_Extension" xlink:label="loc_deiExtension_50" />
      <link:definitionArc xlink:arcrole="http://xbrl.org/int/dim/arcrole/domain-member" xlink:from="loc_us-gaapStatementLineItems" xlink:to="loc_deiExtension_50" xlink:type="arc" order="30" />
      <link:loc xlink:type="locator" xlink:href="https://xbrl.sec.gov/dei/2023/dei-2023.xsd#dei_WrittenCommunications" xlink:label="loc_deiWrittenCommunications_50" />
      <link:definitionArc xlink:arcrole="http://xbrl.org/int/dim/arcrole/domain-member" xlink:from="loc_us-gaapStatementLineItems" xlink:to="loc_deiWrittenCommunications_50" xlink:type="arc" order="31" />
      <link:loc xlink:type="locator" xlink:href="https://xbrl.sec.gov/dei/2023/dei-2023.xsd#dei_SolicitingMaterial" xlink:label="loc_deiSolicitingMaterial_50" />
      <link:definitionArc xlink:arcrole="http://xbrl.org/int/dim/arcrole/domain-member" xlink:from="loc_us-gaapStatementLineItems" xlink:to="loc_deiSolicitingMaterial_50" xlink:type="arc" order="32" />
      <link:loc xlink:type="locator" xlink:href="https://xbrl.sec.gov/dei/2023/dei-2023.xsd#dei_PreCommencementTenderOffer" xlink:label="loc_deiPreCommencementTenderOffer_50" />
      <link:definitionArc xlink:arcrole="http://xbrl.org/int/dim/arcrole/domain-member" xlink:from="loc_us-gaapStatementLineItems" xlink:to="loc_deiPreCommencementTenderOffer_50" xlink:type="arc" order="33" />
      <link:loc xlink:type="locator" xlink:href="https://xbrl.sec.gov/dei/2023/dei-2023.xsd#dei_PreCommencementIssuerTenderOffer" xlink:label="loc_deiPreCommencementIssuerTenderOffer_50" />
      <link:definitionArc xlink:arcrole="http://xbrl.org/int/dim/arcrole/domain-member" xlink:from="loc_us-gaapStatementLineItems" xlink:to="loc_deiPreCommencementIssuerTenderOffer_50" xlink:type="arc" order="34" />
      <link:loc xlink:type="locator" xlink:href="https://xbrl.sec.gov/dei/2023/dei-2023.xsd#dei_Security12bTitle" xlink:label="loc_deiSecurity12bTitle_50" />
      <link:definitionArc xlink:arcrole="http://xbrl.org/int/dim/arcrole/domain-member" xlink:from="loc_us-gaapStatementLineItems" xlink:to="loc_deiSecurity12bTitle_50" xlink:type="arc" order="35" />
      <link:loc xlink:type="locator" xlink:href="https://xbrl.sec.gov/dei/2023/dei-2023.xsd#dei_NoTradingSymbolFlag" xlink:label="loc_deiNoTradingSymbolFlag_50" />
      <link:definitionArc xlink:arcrole="http://xbrl.org/int/dim/arcrole/domain-member" xlink:from="loc_us-gaapStatementLineItems" xlink:to="loc_deiNoTradingSymbolFlag_50" xlink:type="arc" order="36" />
      <link:loc xlink:type="locator" xlink:href="https://xbrl.sec.gov/dei/2023/dei-2023.xsd#dei_TradingSymbol" xlink:label="loc_deiTradingSymbol_50" />
      <link:definitionArc xlink:arcrole="http://xbrl.org/int/dim/arcrole/domain-member" xlink:from="loc_us-gaapStatementLineItems" xlink:to="loc_deiTradingSymbol_50" xlink:type="arc" order="37" />
      <link:loc xlink:type="locator" xlink:href="https://xbrl.sec.gov/dei/2023/dei-2023.xsd#dei_SecurityExchangeName" xlink:label="loc_deiSecurityExchangeName_50" />
      <link:definitionArc xlink:arcrole="http://xbrl.org/int/dim/arcrole/domain-member" xlink:from="loc_us-gaapStatementLineItems" xlink:to="loc_deiSecurityExchangeName_50" xlink:type="arc" order="38" />
      <link:loc xlink:type="locator" xlink:href="https://xbrl.sec.gov/dei/2023/dei-2023.xsd#dei_Security12gTitle" xlink:label="loc_deiSecurity12gTitle_50" />
      <link:definitionArc xlink:arcrole="http://xbrl.org/int/dim/arcrole/domain-member" xlink:from="loc_us-gaapStatementLineItems" xlink:to="loc_deiSecurity12gTitle_50" xlink:type="arc" order="39" />
      <link:loc xlink:type="locator" xlink:href="https://xbrl.sec.gov/dei/2023/dei-2023.xsd#dei_SecurityReportingObligation" xlink:label="loc_deiSecurityReportingObligation_50" />
      <link:definitionArc xlink:arcrole="http://xbrl.org/int/dim/arcrole/domain-member" xlink:from="loc_us-gaapStatementLineItems" xlink:to="loc_deiSecurityReportingObligation_50" xlink:type="arc" order="40" />
      <link:loc xlink:type="locator" xlink:href="https://xbrl.sec.gov/dei/2023/dei-2023.xsd#dei_AnnualInformationForm" xlink:label="loc_deiAnnualInformationForm_50" />
      <link:definitionArc xlink:arcrole="http://xbrl.org/int/dim/arcrole/domain-member" xlink:from="loc_us-gaapStatementLineItems" xlink:to="loc_deiAnnualInformationForm_50" xlink:type="arc" order="41" />
      <link:loc xlink:type="locator" xlink:href="https://xbrl.sec.gov/dei/2023/dei-2023.xsd#dei_AuditedAnnualFinancialStatements" xlink:label="loc_deiAuditedAnnualFinancialStatements_50" />
      <link:definitionArc xlink:arcrole="http://xbrl.org/int/dim/arcrole/domain-member" xlink:from="loc_us-gaapStatementLineItems" xlink:to="loc_deiAuditedAnnualFinancialStatements_50" xlink:type="arc" order="42" />
      <link:loc xlink:type="locator" xlink:href="https://xbrl.sec.gov/dei/2023/dei-2023.xsd#dei_EntityWellKnownSeasonedIssuer" xlink:label="loc_deiEntityWellKnownSeasonedIssuer_50" />
      <link:definitionArc xlink:arcrole="http://xbrl.org/int/dim/arcrole/domain-member" xlink:from="loc_us-gaapStatementLineItems" xlink:to="loc_deiEntityWellKnownSeasonedIssuer_50" xlink:type="arc" order="43" />
      <link:loc xlink:type="locator" xlink:href="https://xbrl.sec.gov/dei/2023/dei-2023.xsd#dei_EntityVoluntaryFilers" xlink:label="loc_deiEntityVoluntaryFilers_50" />
      <link:definitionArc xlink:arcrole="http://xbrl.org/int/dim/arcrole/domain-member" xlink:from="loc_us-gaapStatementLineItems" xlink:to="loc_deiEntityVoluntaryFilers_50" xlink:type="arc" order="44" />
      <link:loc xlink:type="locator" xlink:href="https://xbrl.sec.gov/dei/2023/dei-2023.xsd#dei_EntityCurrentReportingStatus" xlink:label="loc_deiEntityCurrentReportingStatus_50" />
      <link:definitionArc xlink:arcrole="http://xbrl.org/int/dim/arcrole/domain-member" xlink:from="loc_us-gaapStatementLineItems" xlink:to="loc_deiEntityCurrentReportingStatus_50" xlink:type="arc" order="45" />
      <link:loc xlink:type="locator" xlink:href="https://xbrl.sec.gov/dei/2023/dei-2023.xsd#dei_EntityInteractiveDataCurrent" xlink:label="loc_deiEntityInteractiveDataCurrent_50" />
      <link:definitionArc xlink:arcrole="http://xbrl.org/int/dim/arcrole/domain-member" xlink:from="loc_us-gaapStatementLineItems" xlink:to="loc_deiEntityInteractiveDataCurrent_50" xlink:type="arc" order="46" />
      <link:loc xlink:type="locator" xlink:href="https://xbrl.sec.gov/dei/2023/dei-2023.xsd#dei_EntityFilerCategory" xlink:label="loc_deiEntityFilerCategory_50" />
      <link:definitionArc xlink:arcrole="http://xbrl.org/int/dim/arcrole/domain-member" xlink:from="loc_us-gaapStatementLineItems" xlink:to="loc_deiEntityFilerCategory_50" xlink:type="arc" order="47" />
      <link:loc xlink:type="locator" xlink:href="https://xbrl.sec.gov/dei/2023/dei-2023.xsd#dei_EntitySmallBusiness" xlink:label="loc_deiEntitySmallBusiness_50" />
      <link:definitionArc xlink:arcrole="http://xbrl.org/int/dim/arcrole/domain-member" xlink:from="loc_us-gaapStatementLineItems" xlink:to="loc_deiEntitySmallBusiness_50" xlink:type="arc" order="48" />
      <link:loc xlink:type="locator" xlink:href="https://xbrl.sec.gov/dei/2023/dei-2023.xsd#dei_EntityEmergingGrowthCompany" xlink:label="loc_deiEntityEmergingGrowthCompany_50" />
      <link:definitionArc xlink:arcrole="http://xbrl.org/int/dim/arcrole/domain-member" xlink:from="loc_us-gaapStatementLineItems" xlink:to="loc_deiEntityEmergingGrowthCompany_50" xlink:type="arc" order="49" />
      <link:loc xlink:type="locator" xlink:href="https://xbrl.sec.gov/dei/2023/dei-2023.xsd#dei_EntityExTransitionPeriod" xlink:label="loc_deiEntityExTransitionPeriod_50" />
      <link:definitionArc xlink:arcrole="http://xbrl.org/int/dim/arcrole/domain-member" xlink:from="loc_us-gaapStatementLineItems" xlink:to="loc_deiEntityExTransitionPeriod_50" xlink:type="arc" order="50" />
      <link:loc xlink:type="locator" xlink:href="https://xbrl.sec.gov/dei/2023/dei-2023.xsd#dei_DocumentAccountingStandard" xlink:label="loc_deiDocumentAccountingStandard_50" />
      <link:definitionArc xlink:arcrole="http://xbrl.org/int/dim/arcrole/domain-member" xlink:from="loc_us-gaapStatementLineItems" xlink:to="loc_deiDocumentAccountingStandard_50" xlink:type="arc" order="51" />
      <link:loc xlink:type="locator" xlink:href="https://xbrl.sec.gov/dei/2023/dei-2023.xsd#dei_OtherReportingStandardItemNumber" xlink:label="loc_deiOtherReportingStandardItemNumber_50" />
      <link:definitionArc xlink:arcrole="http://xbrl.org/int/dim/arcrole/domain-member" xlink:from="loc_us-gaapStatementLineItems" xlink:to="loc_deiOtherReportingStandardItemNumber_50" xlink:type="arc" order="52" />
      <link:loc xlink:type="locator" xlink:href="https://xbrl.sec.gov/dei/2023/dei-2023.xsd#dei_EntityShellCompany" xlink:label="loc_deiEntityShellCompany_50" />
      <link:definitionArc xlink:arcrole="http://xbrl.org/int/dim/arcrole/domain-member" xlink:from="loc_us-gaapStatementLineItems" xlink:to="loc_deiEntityShellCompany_50" xlink:type="arc" order="53" />
      <link:loc xlink:type="locator" xlink:href="https://xbrl.sec.gov/dei/2023/dei-2023.xsd#dei_EntityPublicFloat" xlink:label="loc_deiEntityPublicFloat_50" />
      <link:definitionArc xlink:arcrole="http://xbrl.org/int/dim/arcrole/domain-member" xlink:from="loc_us-gaapStatementLineItems" xlink:to="loc_deiEntityPublicFloat_50" xlink:type="arc" order="54" />
      <link:loc xlink:type="locator" xlink:href="https://xbrl.sec.gov/dei/2023/dei-2023.xsd#dei_EntityBankruptcyProceedingsReportingCurrent" xlink:label="loc_deiEntityBankruptcyProceedingsReportingCurrent_50" />
      <link:definitionArc xlink:arcrole="http://xbrl.org/int/dim/arcrole/domain-member" xlink:from="loc_us-gaapStatementLineItems" xlink:to="loc_deiEntityBankruptcyProceedingsReportingCurrent_50" xlink:type="arc" order="55" />
      <link:loc xlink:type="locator" xlink:href="https://xbrl.sec.gov/dei/2023/dei-2023.xsd#dei_EntityCommonStockSharesOutstanding" xlink:label="loc_deiEntityCommonStockSharesOutstanding_50" />
      <link:definitionArc xlink:arcrole="http://xbrl.org/int/dim/arcrole/domain-member" xlink:from="loc_us-gaapStatementLineItems" xlink:to="loc_deiEntityCommonStockSharesOutstanding_50" xlink:type="arc" order="56" />
      <link:loc xlink:type="locator" xlink:href="https://xbrl.sec.gov/dei/2023/dei-2023.xsd#dei_DocumentsIncorporatedByReferenceTextBlock" xlink:label="loc_deiDocumentsIncorporatedByReferenceTextBlock_50" />
      <link:definitionArc xlink:arcrole="http://xbrl.org/int/dim/arcrole/domain-member" xlink:from="loc_us-gaapStatementLineItems" xlink:to="loc_deiDocumentsIncorporatedByReferenceTextBlock_50" xlink:type="arc" order="57" />
    </link:definitionLink>
</link:linkbase>
