<?xml version="1.0" encoding="us-ascii"?>
<!-- DFIN ActiveDisclosure(SM) XBRL Linkbase Document - http://www.dfinsolutions.com/ -->
<!-- Creation Date      : 2020-04-28T06:10:40.2515085+00:00 -->
<!-- Version            : 5.0.1.385 -->
<!-- Package ID         : c1593de58e9e4bd7b07e6d1006625383 -->
<!-- Copyright (c) 2020 Donnelley Financial Solutions, Inc. All Rights Reserved. -->
<link:linkbase xmlns:link="http://www.xbrl.org/2003/linkbase" xmlns:xlink="http://www.w3.org/1999/xlink" xmlns:xsi="http://www.w3.org/2001/XMLSchema-instance" xsi:schemaLocation="http://www.xbrl.org/2003/linkbase http://www.xbrl.org/2003/xbrl-linkbase-2003-12-31.xsd">
  <link:roleRef xlink:type="simple" xlink:href="msft-20200331.xsd#TemplateLink" roleURI="http://www.microsoft.com/20200331/role/TemplateLink" />
  <link:roleRef roleURI="http://www.microsoft.com/20200331/taxonomy/role/StatementINCOMESTATEMENTS" xlink:href="msft-20200331.xsd#Role_StatementINCOMESTATEMENTS" xlink:type="simple" />
  <link:calculationLink xlink:type="extended" xlink:role="http://www.microsoft.com/20200331/taxonomy/role/StatementINCOMESTATEMENTS">
    <link:loc xlink:href="http://xbrl.fasb.org/us-gaap/2019/elts/us-gaap-2019-01-31.xsd#us-gaap_CostOfGoodsAndServicesSold" xlink:type="locator" xlink:label="us-gaap_CostOfGoodsAndServicesSold" />
    <link:loc xlink:href="http://xbrl.fasb.org/us-gaap/2019/elts/us-gaap-2019-01-31.xsd#us-gaap_RevenueFromContractWithCustomerExcludingAssessedTax" xlink:type="locator" xlink:label="us-gaap_RevenueFromContractWithCustomerExcludingAssessedTax" />
    <link:loc xlink:href="http://xbrl.fasb.org/us-gaap/2019/elts/us-gaap-2019-01-31.xsd#us-gaap_GeneralAndAdministrativeExpense" xlink:type="locator" xlink:label="us-gaap_GeneralAndAdministrativeExpense" />
    <link:loc xlink:href="http://xbrl.fasb.org/us-gaap/2019/elts/us-gaap-2019-01-31.xsd#us-gaap_SellingAndMarketingExpense" xlink:type="locator" xlink:label="us-gaap_SellingAndMarketingExpense" />
    <link:loc xlink:href="http://xbrl.fasb.org/us-gaap/2019/elts/us-gaap-2019-01-31.xsd#us-gaap_ResearchAndDevelopmentExpense" xlink:type="locator" xlink:label="us-gaap_ResearchAndDevelopmentExpense" />
    <link:loc xlink:href="http://xbrl.fasb.org/us-gaap/2019/elts/us-gaap-2019-01-31.xsd#us-gaap_GrossProfit" xlink:type="locator" xlink:label="us-gaap_GrossProfit" />
    <link:loc xlink:href="http://xbrl.fasb.org/us-gaap/2019/elts/us-gaap-2019-01-31.xsd#us-gaap_NonoperatingIncomeExpense" xlink:type="locator" xlink:label="us-gaap_NonoperatingIncomeExpense" />
    <link:loc xlink:href="http://xbrl.fasb.org/us-gaap/2019/elts/us-gaap-2019-01-31.xsd#us-gaap_OperatingIncomeLoss" xlink:type="locator" xlink:label="us-gaap_OperatingIncomeLoss" />
    <link:loc xlink:href="http://xbrl.fasb.org/us-gaap/2019/elts/us-gaap-2019-01-31.xsd#us-gaap_IncomeTaxExpenseBenefit" xlink:type="locator" xlink:label="us-gaap_IncomeTaxExpenseBenefit" />
    <link:loc xlink:href="http://xbrl.fasb.org/us-gaap/2019/elts/us-gaap-2019-01-31.xsd#us-gaap_IncomeLossFromContinuingOperationsBeforeIncomeTaxesMinorityInterestAndIncomeLossFromEquityMethodInvestments" xlink:type="locator" xlink:label="us-gaap_IncomeLossFromContinuingOperationsBeforeIncomeTaxesMinorityInterestAndIncomeLossFromEquityMethodInvestments" />
    <link:loc xlink:href="http://xbrl.fasb.org/us-gaap/2019/elts/us-gaap-2019-01-31.xsd#us-gaap_NetIncomeLoss" xlink:type="locator" xlink:label="us-gaap_NetIncomeLoss" />
    <link:calculationArc xlink:type="arc" xlink:arcrole="http://www.xbrl.org/2003/arcrole/summation-item" xlink:from="us-gaap_NetIncomeLoss" xlink:to="us-gaap_IncomeLossFromContinuingOperationsBeforeIncomeTaxesMinorityInterestAndIncomeLossFromEquityMethodInvestments" order="10010.00" priority="2" use="optional" weight="1.00" />
    <link:calculationArc xlink:type="arc" xlink:arcrole="http://www.xbrl.org/2003/arcrole/summation-item" xlink:from="us-gaap_NetIncomeLoss" xlink:to="us-gaap_IncomeTaxExpenseBenefit" order="10020.00" priority="2" use="optional" weight="-1.00" />
    <link:calculationArc xlink:type="arc" xlink:arcrole="http://www.xbrl.org/2003/arcrole/summation-item" xlink:from="us-gaap_IncomeLossFromContinuingOperationsBeforeIncomeTaxesMinorityInterestAndIncomeLossFromEquityMethodInvestments" xlink:to="us-gaap_OperatingIncomeLoss" order="10030.00" priority="2" use="optional" weight="1.00" />
    <link:calculationArc xlink:type="arc" xlink:arcrole="http://www.xbrl.org/2003/arcrole/summation-item" xlink:from="us-gaap_IncomeLossFromContinuingOperationsBeforeIncomeTaxesMinorityInterestAndIncomeLossFromEquityMethodInvestments" xlink:to="us-gaap_NonoperatingIncomeExpense" order="10040.00" priority="2" use="optional" weight="1.00" />
    <link:calculationArc xlink:type="arc" xlink:arcrole="http://www.xbrl.org/2003/arcrole/summation-item" xlink:from="us-gaap_OperatingIncomeLoss" xlink:to="us-gaap_GrossProfit" order="10050.00" priority="2" use="optional" weight="1.00" />
    <link:calculationArc xlink:type="arc" xlink:arcrole="http://www.xbrl.org/2003/arcrole/summation-item" xlink:from="us-gaap_OperatingIncomeLoss" xlink:to="us-gaap_ResearchAndDevelopmentExpense" order="10060.00" priority="2" use="optional" weight="-1.00" />
    <link:calculationArc xlink:type="arc" xlink:arcrole="http://www.xbrl.org/2003/arcrole/summation-item" xlink:from="us-gaap_OperatingIncomeLoss" xlink:to="us-gaap_SellingAndMarketingExpense" order="10070.00" priority="2" use="optional" weight="-1.00" />
    <link:calculationArc xlink:type="arc" xlink:arcrole="http://www.xbrl.org/2003/arcrole/summation-item" xlink:from="us-gaap_OperatingIncomeLoss" xlink:to="us-gaap_GeneralAndAdministrativeExpense" order="10080.00" priority="2" use="optional" weight="-1.00" />
    <link:calculationArc xlink:type="arc" xlink:arcrole="http://www.xbrl.org/2003/arcrole/summation-item" xlink:from="us-gaap_GrossProfit" xlink:to="us-gaap_RevenueFromContractWithCustomerExcludingAssessedTax" order="10090.00" priority="2" use="optional" weight="1.00" />
    <link:calculationArc xlink:type="arc" xlink:arcrole="http://www.xbrl.org/2003/arcrole/summation-item" xlink:from="us-gaap_GrossProfit" xlink:to="us-gaap_CostOfGoodsAndServicesSold" order="10100.00" priority="2" use="optional" weight="-1.00" />
  </link:calculationLink>
  <link:roleRef roleURI="http://www.microsoft.com/20200331/taxonomy/role/StatementCOMPREHENSIVEINCOMESTATEMENTS" xlink:href="msft-20200331.xsd#Role_StatementCOMPREHENSIVEINCOMESTATEMENTS" xlink:type="simple" />
  <link:calculationLink xlink:type="extended" xlink:role="http://www.microsoft.com/20200331/taxonomy/role/StatementCOMPREHENSIVEINCOMESTATEMENTS">
    <link:loc xlink:href="http://xbrl.fasb.org/us-gaap/2019/elts/us-gaap-2019-01-31.xsd#us-gaap_OtherComprehensiveIncomeLossForeignCurrencyTransactionAndTranslationAdjustmentNetOfTax" xlink:type="locator" xlink:label="us-gaap_OtherComprehensiveIncomeLossForeignCurrencyTransactionAndTranslationAdjustmentNetOfTax" />
    <link:loc xlink:href="http://xbrl.fasb.org/us-gaap/2019/elts/us-gaap-2019-01-31.xsd#us-gaap_OtherComprehensiveIncomeLossAvailableForSaleSecuritiesAdjustmentNetOfTax" xlink:type="locator" xlink:label="us-gaap_OtherComprehensiveIncomeLossAvailableForSaleSecuritiesAdjustmentNetOfTax" />
    <link:loc xlink:href="http://xbrl.fasb.org/us-gaap/2019/elts/us-gaap-2019-01-31.xsd#us-gaap_OtherComprehensiveIncomeLossCashFlowHedgeGainLossAfterReclassificationAndTax" xlink:type="locator" xlink:label="us-gaap_OtherComprehensiveIncomeLossCashFlowHedgeGainLossAfterReclassificationAndTax" />
    <link:loc xlink:href="http://xbrl.fasb.org/us-gaap/2019/elts/us-gaap-2019-01-31.xsd#us-gaap_OtherComprehensiveIncomeLossNetOfTaxPortionAttributableToParent" xlink:type="locator" xlink:label="us-gaap_OtherComprehensiveIncomeLossNetOfTaxPortionAttributableToParent" />
    <link:loc xlink:href="http://xbrl.fasb.org/us-gaap/2019/elts/us-gaap-2019-01-31.xsd#us-gaap_NetIncomeLoss" xlink:type="locator" xlink:label="us-gaap_NetIncomeLoss" />
    <link:loc xlink:href="http://xbrl.fasb.org/us-gaap/2019/elts/us-gaap-2019-01-31.xsd#us-gaap_ComprehensiveIncomeNetOfTax" xlink:type="locator" xlink:label="us-gaap_ComprehensiveIncomeNetOfTax" />
    <link:calculationArc xlink:type="arc" xlink:arcrole="http://www.xbrl.org/2003/arcrole/summation-item" xlink:from="us-gaap_ComprehensiveIncomeNetOfTax" xlink:to="us-gaap_NetIncomeLoss" order="10010.00" priority="2" use="optional" weight="1.00" />
    <link:calculationArc xlink:type="arc" xlink:arcrole="http://www.xbrl.org/2003/arcrole/summation-item" xlink:from="us-gaap_ComprehensiveIncomeNetOfTax" xlink:to="us-gaap_OtherComprehensiveIncomeLossNetOfTaxPortionAttributableToParent" order="10020.00" priority="2" use="optional" weight="1.00" />
    <link:calculationArc xlink:type="arc" xlink:arcrole="http://www.xbrl.org/2003/arcrole/summation-item" xlink:from="us-gaap_OtherComprehensiveIncomeLossNetOfTaxPortionAttributableToParent" xlink:to="us-gaap_OtherComprehensiveIncomeLossCashFlowHedgeGainLossAfterReclassificationAndTax" order="10030.00" priority="2" use="optional" weight="1.00" />
    <link:calculationArc xlink:type="arc" xlink:arcrole="http://www.xbrl.org/2003/arcrole/summation-item" xlink:from="us-gaap_OtherComprehensiveIncomeLossNetOfTaxPortionAttributableToParent" xlink:to="us-gaap_OtherComprehensiveIncomeLossAvailableForSaleSecuritiesAdjustmentNetOfTax" order="10040.00" priority="2" use="optional" weight="1.00" />
    <link:calculationArc xlink:type="arc" xlink:arcrole="http://www.xbrl.org/2003/arcrole/summation-item" xlink:from="us-gaap_OtherComprehensiveIncomeLossNetOfTaxPortionAttributableToParent" xlink:to="us-gaap_OtherComprehensiveIncomeLossForeignCurrencyTransactionAndTranslationAdjustmentNetOfTax" order="10050.00" priority="2" use="optional" weight="1.00" />
  </link:calculationLink>
  <link:roleRef roleURI="http://www.microsoft.com/20200331/taxonomy/role/StatementBALANCESHEETS" xlink:href="msft-20200331.xsd#Role_StatementBALANCESHEETS" xlink:type="simple" />
  <link:calculationLink xlink:type="extended" xlink:role="http://www.microsoft.com/20200331/taxonomy/role/StatementBALANCESHEETS">
    <link:loc xlink:href="http://xbrl.fasb.org/us-gaap/2019/elts/us-gaap-2019-01-31.xsd#us-gaap_ShortTermInvestments" xlink:type="locator" xlink:label="us-gaap_ShortTermInvestments" />
    <link:loc xlink:href="http://xbrl.fasb.org/us-gaap/2019/elts/us-gaap-2019-01-31.xsd#us-gaap_CashAndCashEquivalentsAtCarryingValue" xlink:type="locator" xlink:label="us-gaap_CashAndCashEquivalentsAtCarryingValue" />
    <link:loc xlink:href="http://xbrl.fasb.org/us-gaap/2019/elts/us-gaap-2019-01-31.xsd#us-gaap_OtherAssetsCurrent" xlink:type="locator" xlink:label="us-gaap_OtherAssetsCurrent" />
    <link:loc xlink:href="http://xbrl.fasb.org/us-gaap/2019/elts/us-gaap-2019-01-31.xsd#us-gaap_InventoryNet" xlink:type="locator" xlink:label="us-gaap_InventoryNet" />
    <link:loc xlink:href="http://xbrl.fasb.org/us-gaap/2019/elts/us-gaap-2019-01-31.xsd#us-gaap_AccountsReceivableNetCurrent" xlink:type="locator" xlink:label="us-gaap_AccountsReceivableNetCurrent" />
    <link:loc xlink:href="http://xbrl.fasb.org/us-gaap/2019/elts/us-gaap-2019-01-31.xsd#us-gaap_CashCashEquivalentsAndShortTermInvestments" xlink:type="locator" xlink:label="us-gaap_CashCashEquivalentsAndShortTermInvestments" />
    <link:loc xlink:href="http://xbrl.fasb.org/us-gaap/2019/elts/us-gaap-2019-01-31.xsd#us-gaap_OtherAssetsNoncurrent" xlink:type="locator" xlink:label="us-gaap_OtherAssetsNoncurrent" />
    <link:loc xlink:href="http://xbrl.fasb.org/us-gaap/2019/elts/us-gaap-2019-01-31.xsd#us-gaap_FiniteLivedIntangibleAssetsNet" xlink:type="locator" xlink:label="us-gaap_FiniteLivedIntangibleAssetsNet" />
    <link:loc xlink:href="http://xbrl.fasb.org/us-gaap/2019/elts/us-gaap-2019-01-31.xsd#us-gaap_Goodwill" xlink:type="locator" xlink:label="us-gaap_Goodwill" />
    <link:loc xlink:href="http://xbrl.fasb.org/us-gaap/2019/elts/us-gaap-2019-01-31.xsd#us-gaap_LongTermInvestments" xlink:type="locator" xlink:label="us-gaap_LongTermInvestments" />
    <link:loc xlink:href="http://xbrl.fasb.org/us-gaap/2019/elts/us-gaap-2019-01-31.xsd#us-gaap_OperatingLeaseRightOfUseAsset" xlink:type="locator" xlink:label="us-gaap_OperatingLeaseRightOfUseAsset" />
    <link:loc xlink:href="http://xbrl.fasb.org/us-gaap/2019/elts/us-gaap-2019-01-31.xsd#us-gaap_PropertyPlantAndEquipmentNet" xlink:type="locator" xlink:label="us-gaap_PropertyPlantAndEquipmentNet" />
    <link:loc xlink:href="http://xbrl.fasb.org/us-gaap/2019/elts/us-gaap-2019-01-31.xsd#us-gaap_AssetsCurrent" xlink:type="locator" xlink:label="us-gaap_AssetsCurrent" />
    <link:loc xlink:href="http://xbrl.fasb.org/us-gaap/2019/elts/us-gaap-2019-01-31.xsd#us-gaap_Assets" xlink:type="locator" xlink:label="us-gaap_Assets" />
    <link:loc xlink:href="http://xbrl.fasb.org/us-gaap/2019/elts/us-gaap-2019-01-31.xsd#us-gaap_OtherLiabilitiesCurrent" xlink:type="locator" xlink:label="us-gaap_OtherLiabilitiesCurrent" />
    <link:loc xlink:href="http://xbrl.fasb.org/us-gaap/2019/elts/us-gaap-2019-01-31.xsd#us-gaap_ContractWithCustomerLiabilityCurrent" xlink:type="locator" xlink:label="us-gaap_ContractWithCustomerLiabilityCurrent" />
    <link:loc xlink:href="http://xbrl.fasb.org/us-gaap/2019/elts/us-gaap-2019-01-31.xsd#us-gaap_AccruedIncomeTaxesCurrent" xlink:type="locator" xlink:label="us-gaap_AccruedIncomeTaxesCurrent" />
    <link:loc xlink:href="http://xbrl.fasb.org/us-gaap/2019/elts/us-gaap-2019-01-31.xsd#us-gaap_EmployeeRelatedLiabilitiesCurrent" xlink:type="locator" xlink:label="us-gaap_EmployeeRelatedLiabilitiesCurrent" />
    <link:loc xlink:href="http://xbrl.fasb.org/us-gaap/2019/elts/us-gaap-2019-01-31.xsd#us-gaap_LongTermDebtCurrent" xlink:type="locator" xlink:label="us-gaap_LongTermDebtCurrent" />
    <link:loc xlink:href="http://xbrl.fasb.org/us-gaap/2019/elts/us-gaap-2019-01-31.xsd#us-gaap_AccountsPayableCurrent" xlink:type="locator" xlink:label="us-gaap_AccountsPayableCurrent" />
    <link:loc xlink:href="http://xbrl.fasb.org/us-gaap/2019/elts/us-gaap-2019-01-31.xsd#us-gaap_OtherLiabilitiesNoncurrent" xlink:type="locator" xlink:label="us-gaap_OtherLiabilitiesNoncurrent" />
    <link:loc xlink:href="http://xbrl.fasb.org/us-gaap/2019/elts/us-gaap-2019-01-31.xsd#us-gaap_OperatingLeaseLiabilityNoncurrent" xlink:type="locator" xlink:label="us-gaap_OperatingLeaseLiabilityNoncurrent" />
    <link:loc xlink:href="http://xbrl.fasb.org/us-gaap/2019/elts/us-gaap-2019-01-31.xsd#us-gaap_DeferredIncomeTaxLiabilitiesNet" xlink:type="locator" xlink:label="us-gaap_DeferredIncomeTaxLiabilitiesNet" />
    <link:loc xlink:href="http://xbrl.fasb.org/us-gaap/2019/elts/us-gaap-2019-01-31.xsd#us-gaap_ContractWithCustomerLiabilityNoncurrent" xlink:type="locator" xlink:label="us-gaap_ContractWithCustomerLiabilityNoncurrent" />
    <link:loc xlink:href="http://xbrl.fasb.org/us-gaap/2019/elts/us-gaap-2019-01-31.xsd#us-gaap_AccruedIncomeTaxesNoncurrent" xlink:type="locator" xlink:label="us-gaap_AccruedIncomeTaxesNoncurrent" />
    <link:loc xlink:href="http://xbrl.fasb.org/us-gaap/2019/elts/us-gaap-2019-01-31.xsd#us-gaap_LongTermDebtNoncurrent" xlink:type="locator" xlink:label="us-gaap_LongTermDebtNoncurrent" />
    <link:loc xlink:href="http://xbrl.fasb.org/us-gaap/2019/elts/us-gaap-2019-01-31.xsd#us-gaap_LiabilitiesCurrent" xlink:type="locator" xlink:label="us-gaap_LiabilitiesCurrent" />
    <link:loc xlink:href="http://xbrl.fasb.org/us-gaap/2019/elts/us-gaap-2019-01-31.xsd#us-gaap_AccumulatedOtherComprehensiveIncomeLossNetOfTax" xlink:type="locator" xlink:label="us-gaap_AccumulatedOtherComprehensiveIncomeLossNetOfTax" />
    <link:loc xlink:href="http://xbrl.fasb.org/us-gaap/2019/elts/us-gaap-2019-01-31.xsd#us-gaap_RetainedEarningsAccumulatedDeficit" xlink:type="locator" xlink:label="us-gaap_RetainedEarningsAccumulatedDeficit" />
    <link:loc xlink:href="http://xbrl.fasb.org/us-gaap/2019/elts/us-gaap-2019-01-31.xsd#us-gaap_CommonStocksIncludingAdditionalPaidInCapital" xlink:type="locator" xlink:label="us-gaap_CommonStocksIncludingAdditionalPaidInCapital" />
    <link:loc xlink:href="http://xbrl.fasb.org/us-gaap/2019/elts/us-gaap-2019-01-31.xsd#us-gaap_StockholdersEquity" xlink:type="locator" xlink:label="us-gaap_StockholdersEquity" />
    <link:loc xlink:href="http://xbrl.fasb.org/us-gaap/2019/elts/us-gaap-2019-01-31.xsd#us-gaap_CommitmentsAndContingencies" xlink:type="locator" xlink:label="us-gaap_CommitmentsAndContingencies" />
    <link:loc xlink:href="http://xbrl.fasb.org/us-gaap/2019/elts/us-gaap-2019-01-31.xsd#us-gaap_Liabilities" xlink:type="locator" xlink:label="us-gaap_Liabilities" />
    <link:loc xlink:href="http://xbrl.fasb.org/us-gaap/2019/elts/us-gaap-2019-01-31.xsd#us-gaap_LiabilitiesAndStockholdersEquity" xlink:type="locator" xlink:label="us-gaap_LiabilitiesAndStockholdersEquity" />
    <link:calculationArc xlink:type="arc" xlink:arcrole="http://www.xbrl.org/2003/arcrole/summation-item" xlink:from="us-gaap_LiabilitiesAndStockholdersEquity" xlink:to="us-gaap_Liabilities" order="10010.00" priority="2" use="optional" weight="1.00" />
    <link:calculationArc xlink:type="arc" xlink:arcrole="http://www.xbrl.org/2003/arcrole/summation-item" xlink:from="us-gaap_LiabilitiesAndStockholdersEquity" xlink:to="us-gaap_CommitmentsAndContingencies" order="10020.00" priority="2" use="optional" weight="1.00" />
    <link:calculationArc xlink:type="arc" xlink:arcrole="http://www.xbrl.org/2003/arcrole/summation-item" xlink:from="us-gaap_LiabilitiesAndStockholdersEquity" xlink:to="us-gaap_StockholdersEquity" order="10030.00" priority="2" use="optional" weight="1.00" />
    <link:calculationArc xlink:type="arc" xlink:arcrole="http://www.xbrl.org/2003/arcrole/summation-item" xlink:from="us-gaap_StockholdersEquity" xlink:to="us-gaap_CommonStocksIncludingAdditionalPaidInCapital" order="10040.00" priority="2" use="optional" weight="1.00" />
    <link:calculationArc xlink:type="arc" xlink:arcrole="http://www.xbrl.org/2003/arcrole/summation-item" xlink:from="us-gaap_StockholdersEquity" xlink:to="us-gaap_RetainedEarningsAccumulatedDeficit" order="10050.00" priority="2" use="optional" weight="1.00" />
    <link:calculationArc xlink:type="arc" xlink:arcrole="http://www.xbrl.org/2003/arcrole/summation-item" xlink:from="us-gaap_StockholdersEquity" xlink:to="us-gaap_AccumulatedOtherComprehensiveIncomeLossNetOfTax" order="10060.00" priority="2" use="optional" weight="1.00" />
    <link:calculationArc xlink:type="arc" xlink:arcrole="http://www.xbrl.org/2003/arcrole/summation-item" xlink:from="us-gaap_Liabilities" xlink:to="us-gaap_LiabilitiesCurrent" order="10070.00" priority="2" use="optional" weight="1.00" />
    <link:calculationArc xlink:type="arc" xlink:arcrole="http://www.xbrl.org/2003/arcrole/summation-item" xlink:from="us-gaap_Liabilities" xlink:to="us-gaap_LongTermDebtNoncurrent" order="10080.00" priority="2" use="optional" weight="1.00" />
    <link:calculationArc xlink:type="arc" xlink:arcrole="http://www.xbrl.org/2003/arcrole/summation-item" xlink:from="us-gaap_Liabilities" xlink:to="us-gaap_AccruedIncomeTaxesNoncurrent" order="10090.00" priority="2" use="optional" weight="1.00" />
    <link:calculationArc xlink:type="arc" xlink:arcrole="http://www.xbrl.org/2003/arcrole/summation-item" xlink:from="us-gaap_Liabilities" xlink:to="us-gaap_ContractWithCustomerLiabilityNoncurrent" order="10100.00" priority="2" use="optional" weight="1.00" />
    <link:calculationArc xlink:type="arc" xlink:arcrole="http://www.xbrl.org/2003/arcrole/summation-item" xlink:from="us-gaap_Liabilities" xlink:to="us-gaap_DeferredIncomeTaxLiabilitiesNet" order="10110.00" priority="2" use="optional" weight="1.00" />
    <link:calculationArc xlink:type="arc" xlink:arcrole="http://www.xbrl.org/2003/arcrole/summation-item" xlink:from="us-gaap_Liabilities" xlink:to="us-gaap_OperatingLeaseLiabilityNoncurrent" order="10120.00" priority="2" use="optional" weight="1.00" />
    <link:calculationArc xlink:type="arc" xlink:arcrole="http://www.xbrl.org/2003/arcrole/summation-item" xlink:from="us-gaap_Liabilities" xlink:to="us-gaap_OtherLiabilitiesNoncurrent" order="10130.00" priority="2" use="optional" weight="1.00" />
    <link:calculationArc xlink:type="arc" xlink:arcrole="http://www.xbrl.org/2003/arcrole/summation-item" xlink:from="us-gaap_LiabilitiesCurrent" xlink:to="us-gaap_AccountsPayableCurrent" order="10140.00" priority="2" use="optional" weight="1.00" />
    <link:calculationArc xlink:type="arc" xlink:arcrole="http://www.xbrl.org/2003/arcrole/summation-item" xlink:from="us-gaap_LiabilitiesCurrent" xlink:to="us-gaap_LongTermDebtCurrent" order="10150.00" priority="2" use="optional" weight="1.00" />
    <link:calculationArc xlink:type="arc" xlink:arcrole="http://www.xbrl.org/2003/arcrole/summation-item" xlink:from="us-gaap_LiabilitiesCurrent" xlink:to="us-gaap_EmployeeRelatedLiabilitiesCurrent" order="10160.00" priority="2" use="optional" weight="1.00" />
    <link:calculationArc xlink:type="arc" xlink:arcrole="http://www.xbrl.org/2003/arcrole/summation-item" xlink:from="us-gaap_LiabilitiesCurrent" xlink:to="us-gaap_AccruedIncomeTaxesCurrent" order="10170.00" priority="2" use="optional" weight="1.00" />
    <link:calculationArc xlink:type="arc" xlink:arcrole="http://www.xbrl.org/2003/arcrole/summation-item" xlink:from="us-gaap_LiabilitiesCurrent" xlink:to="us-gaap_ContractWithCustomerLiabilityCurrent" order="10180.00" priority="2" use="optional" weight="1.00" />
    <link:calculationArc xlink:type="arc" xlink:arcrole="http://www.xbrl.org/2003/arcrole/summation-item" xlink:from="us-gaap_LiabilitiesCurrent" xlink:to="us-gaap_OtherLiabilitiesCurrent" order="10190.00" priority="2" use="optional" weight="1.00" />
    <link:calculationArc xlink:type="arc" xlink:arcrole="http://www.xbrl.org/2003/arcrole/summation-item" xlink:from="us-gaap_Assets" xlink:to="us-gaap_AssetsCurrent" order="10200.00" priority="2" use="optional" weight="1.00" />
    <link:calculationArc xlink:type="arc" xlink:arcrole="http://www.xbrl.org/2003/arcrole/summation-item" xlink:from="us-gaap_Assets" xlink:to="us-gaap_PropertyPlantAndEquipmentNet" order="10210.00" priority="2" use="optional" weight="1.00" />
    <link:calculationArc xlink:type="arc" xlink:arcrole="http://www.xbrl.org/2003/arcrole/summation-item" xlink:from="us-gaap_Assets" xlink:to="us-gaap_OperatingLeaseRightOfUseAsset" order="10220.00" priority="2" use="optional" weight="1.00" />
    <link:calculationArc xlink:type="arc" xlink:arcrole="http://www.xbrl.org/2003/arcrole/summation-item" xlink:from="us-gaap_Assets" xlink:to="us-gaap_LongTermInvestments" order="10230.00" priority="2" use="optional" weight="1.00" />
    <link:calculationArc xlink:type="arc" xlink:arcrole="http://www.xbrl.org/2003/arcrole/summation-item" xlink:from="us-gaap_Assets" xlink:to="us-gaap_Goodwill" order="10240.00" priority="2" use="optional" weight="1.00" />
    <link:calculationArc xlink:type="arc" xlink:arcrole="http://www.xbrl.org/2003/arcrole/summation-item" xlink:from="us-gaap_Assets" xlink:to="us-gaap_FiniteLivedIntangibleAssetsNet" order="10250.00" priority="2" use="optional" weight="1.00" />
    <link:calculationArc xlink:type="arc" xlink:arcrole="http://www.xbrl.org/2003/arcrole/summation-item" xlink:from="us-gaap_Assets" xlink:to="us-gaap_OtherAssetsNoncurrent" order="10260.00" priority="2" use="optional" weight="1.00" />
    <link:calculationArc xlink:type="arc" xlink:arcrole="http://www.xbrl.org/2003/arcrole/summation-item" xlink:from="us-gaap_AssetsCurrent" xlink:to="us-gaap_CashCashEquivalentsAndShortTermInvestments" order="10270.00" priority="2" use="optional" weight="1.00" />
    <link:calculationArc xlink:type="arc" xlink:arcrole="http://www.xbrl.org/2003/arcrole/summation-item" xlink:from="us-gaap_AssetsCurrent" xlink:to="us-gaap_AccountsReceivableNetCurrent" order="10280.00" priority="2" use="optional" weight="1.00" />
    <link:calculationArc xlink:type="arc" xlink:arcrole="http://www.xbrl.org/2003/arcrole/summation-item" xlink:from="us-gaap_AssetsCurrent" xlink:to="us-gaap_InventoryNet" order="10290.00" priority="2" use="optional" weight="1.00" />
    <link:calculationArc xlink:type="arc" xlink:arcrole="http://www.xbrl.org/2003/arcrole/summation-item" xlink:from="us-gaap_AssetsCurrent" xlink:to="us-gaap_OtherAssetsCurrent" order="10300.00" priority="2" use="optional" weight="1.00" />
    <link:calculationArc xlink:type="arc" xlink:arcrole="http://www.xbrl.org/2003/arcrole/summation-item" xlink:from="us-gaap_CashCashEquivalentsAndShortTermInvestments" xlink:to="us-gaap_CashAndCashEquivalentsAtCarryingValue" order="10310.00" priority="2" use="optional" weight="1.00" />
    <link:calculationArc xlink:type="arc" xlink:arcrole="http://www.xbrl.org/2003/arcrole/summation-item" xlink:from="us-gaap_CashCashEquivalentsAndShortTermInvestments" xlink:to="us-gaap_ShortTermInvestments" order="10320.00" priority="2" use="optional" weight="1.00" />
  </link:calculationLink>
  <link:roleRef roleURI="http://www.microsoft.com/20200331/taxonomy/role/StatementCASHFLOWSSTATEMENTS" xlink:href="msft-20200331.xsd#Role_StatementCASHFLOWSSTATEMENTS" xlink:type="simple" />
  <link:calculationLink xlink:type="extended" xlink:role="http://www.microsoft.com/20200331/taxonomy/role/StatementCASHFLOWSSTATEMENTS">
    <link:loc xlink:href="http://xbrl.fasb.org/us-gaap/2019/elts/us-gaap-2019-01-31.xsd#us-gaap_IncreaseDecreaseInOtherNoncurrentLiabilities" xlink:type="locator" xlink:label="us-gaap_IncreaseDecreaseInOtherNoncurrentLiabilities" />
    <link:loc xlink:href="http://xbrl.fasb.org/us-gaap/2019/elts/us-gaap-2019-01-31.xsd#us-gaap_IncreaseDecreaseInOtherCurrentLiabilities" xlink:type="locator" xlink:label="us-gaap_IncreaseDecreaseInOtherCurrentLiabilities" />
    <link:loc xlink:href="http://xbrl.fasb.org/us-gaap/2019/elts/us-gaap-2019-01-31.xsd#us-gaap_IncreaseDecreaseInAccruedIncomeTaxesPayable" xlink:type="locator" xlink:label="us-gaap_IncreaseDecreaseInAccruedIncomeTaxesPayable" />
    <link:loc xlink:href="http://xbrl.fasb.org/us-gaap/2019/elts/us-gaap-2019-01-31.xsd#us-gaap_IncreaseDecreaseInContractWithCustomerLiability" xlink:type="locator" xlink:label="us-gaap_IncreaseDecreaseInContractWithCustomerLiability" />
    <link:loc xlink:href="http://xbrl.fasb.org/us-gaap/2019/elts/us-gaap-2019-01-31.xsd#us-gaap_IncreaseDecreaseInAccountsPayable" xlink:type="locator" xlink:label="us-gaap_IncreaseDecreaseInAccountsPayable" />
    <link:loc xlink:href="http://xbrl.fasb.org/us-gaap/2019/elts/us-gaap-2019-01-31.xsd#us-gaap_IncreaseDecreaseInOtherNoncurrentAssets" xlink:type="locator" xlink:label="us-gaap_IncreaseDecreaseInOtherNoncurrentAssets" />
    <link:loc xlink:href="http://xbrl.fasb.org/us-gaap/2019/elts/us-gaap-2019-01-31.xsd#us-gaap_IncreaseDecreaseInOtherCurrentAssets" xlink:type="locator" xlink:label="us-gaap_IncreaseDecreaseInOtherCurrentAssets" />
    <link:loc xlink:href="http://xbrl.fasb.org/us-gaap/2019/elts/us-gaap-2019-01-31.xsd#us-gaap_IncreaseDecreaseInInventories" xlink:type="locator" xlink:label="us-gaap_IncreaseDecreaseInInventories" />
    <link:loc xlink:href="http://xbrl.fasb.org/us-gaap/2019/elts/us-gaap-2019-01-31.xsd#us-gaap_IncreaseDecreaseInAccountsReceivable" xlink:type="locator" xlink:label="us-gaap_IncreaseDecreaseInAccountsReceivable" />
    <link:loc xlink:href="http://xbrl.fasb.org/us-gaap/2019/elts/us-gaap-2019-01-31.xsd#us-gaap_DeferredIncomeTaxExpenseBenefit" xlink:type="locator" xlink:label="us-gaap_DeferredIncomeTaxExpenseBenefit" />
    <link:loc xlink:href="msft-20200331.xsd#msft_GainLossOnInvestmentsAndDerivativeInstruments" xlink:type="locator" xlink:label="msft_GainLossOnInvestmentsAndDerivativeInstruments" />
    <link:loc xlink:href="http://xbrl.fasb.org/us-gaap/2019/elts/us-gaap-2019-01-31.xsd#us-gaap_ShareBasedCompensation" xlink:type="locator" xlink:label="us-gaap_ShareBasedCompensation" />
    <link:loc xlink:href="msft-20200331.xsd#msft_DepreciationAmortizationAndOther" xlink:type="locator" xlink:label="msft_DepreciationAmortizationAndOther" />
    <link:loc xlink:href="http://xbrl.fasb.org/us-gaap/2019/elts/us-gaap-2019-01-31.xsd#us-gaap_NetIncomeLoss" xlink:type="locator" xlink:label="us-gaap_NetIncomeLoss" />
    <link:loc xlink:href="http://xbrl.fasb.org/us-gaap/2019/elts/us-gaap-2019-01-31.xsd#us-gaap_ProceedsFromPaymentsForOtherFinancingActivities" xlink:type="locator" xlink:label="us-gaap_ProceedsFromPaymentsForOtherFinancingActivities" />
    <link:loc xlink:href="http://xbrl.fasb.org/us-gaap/2019/elts/us-gaap-2019-01-31.xsd#us-gaap_PaymentsOfDividendsCommonStock" xlink:type="locator" xlink:label="us-gaap_PaymentsOfDividendsCommonStock" />
    <link:loc xlink:href="http://xbrl.fasb.org/us-gaap/2019/elts/us-gaap-2019-01-31.xsd#us-gaap_PaymentsForRepurchaseOfCommonStock" xlink:type="locator" xlink:label="us-gaap_PaymentsForRepurchaseOfCommonStock" />
    <link:loc xlink:href="http://xbrl.fasb.org/us-gaap/2019/elts/us-gaap-2019-01-31.xsd#us-gaap_ProceedsFromIssuanceOfCommonStock" xlink:type="locator" xlink:label="us-gaap_ProceedsFromIssuanceOfCommonStock" />
    <link:loc xlink:href="http://xbrl.fasb.org/us-gaap/2019/elts/us-gaap-2019-01-31.xsd#us-gaap_RepaymentsOfDebtMaturingInMoreThanThreeMonths" xlink:type="locator" xlink:label="us-gaap_RepaymentsOfDebtMaturingInMoreThanThreeMonths" />
    <link:loc xlink:href="msft-20200331.xsd#msft_ProceedsFromInvestments" xlink:type="locator" xlink:label="msft_ProceedsFromInvestments" />
    <link:loc xlink:href="http://xbrl.fasb.org/us-gaap/2019/elts/us-gaap-2019-01-31.xsd#us-gaap_ProceedsFromMaturitiesPrepaymentsAndCallsOfAvailableForSaleSecurities" xlink:type="locator" xlink:label="us-gaap_ProceedsFromMaturitiesPrepaymentsAndCallsOfAvailableForSaleSecurities" />
    <link:loc xlink:href="http://xbrl.fasb.org/us-gaap/2019/elts/us-gaap-2019-01-31.xsd#us-gaap_PaymentsToAcquireInvestments" xlink:type="locator" xlink:label="us-gaap_PaymentsToAcquireInvestments" />
    <link:loc xlink:href="msft-20200331.xsd#msft_AcquisitionsNetOfCashAcquiredAndPurchasesOfIntangibleAndOtherAssets" xlink:type="locator" xlink:label="msft_AcquisitionsNetOfCashAcquiredAndPurchasesOfIntangibleAndOtherAssets" />
    <link:loc xlink:href="http://xbrl.fasb.org/us-gaap/2019/elts/us-gaap-2019-01-31.xsd#us-gaap_PaymentsToAcquirePropertyPlantAndEquipment" xlink:type="locator" xlink:label="us-gaap_PaymentsToAcquirePropertyPlantAndEquipment" />
    <link:loc xlink:href="http://xbrl.fasb.org/us-gaap/2019/elts/us-gaap-2019-01-31.xsd#us-gaap_EffectOfExchangeRateOnCashAndCashEquivalents" xlink:type="locator" xlink:label="us-gaap_EffectOfExchangeRateOnCashAndCashEquivalents" />
    <link:loc xlink:href="http://xbrl.fasb.org/us-gaap/2019/elts/us-gaap-2019-01-31.xsd#us-gaap_NetCashProvidedByUsedInInvestingActivities" xlink:type="locator" xlink:label="us-gaap_NetCashProvidedByUsedInInvestingActivities" />
    <link:loc xlink:href="http://xbrl.fasb.org/us-gaap/2019/elts/us-gaap-2019-01-31.xsd#us-gaap_NetCashProvidedByUsedInFinancingActivities" xlink:type="locator" xlink:label="us-gaap_NetCashProvidedByUsedInFinancingActivities" />
    <link:loc xlink:href="http://xbrl.fasb.org/us-gaap/2019/elts/us-gaap-2019-01-31.xsd#us-gaap_NetCashProvidedByUsedInOperatingActivities" xlink:type="locator" xlink:label="us-gaap_NetCashProvidedByUsedInOperatingActivities" />
    <link:loc xlink:href="http://xbrl.fasb.org/us-gaap/2019/elts/us-gaap-2019-01-31.xsd#us-gaap_CashCashEquivalentsRestrictedCashAndRestrictedCashEquivalentsPeriodIncreaseDecreaseIncludingExchangeRateEffect" xlink:type="locator" xlink:label="us-gaap_CashCashEquivalentsRestrictedCashAndRestrictedCashEquivalentsPeriodIncreaseDecreaseIncludingExchangeRateEffect" />
    <link:calculationArc xlink:type="arc" xlink:arcrole="http://www.xbrl.org/2003/arcrole/summation-item" xlink:from="us-gaap_CashCashEquivalentsRestrictedCashAndRestrictedCashEquivalentsPeriodIncreaseDecreaseIncludingExchangeRateEffect" xlink:to="us-gaap_NetCashProvidedByUsedInOperatingActivities" order="10010.00" priority="2" use="optional" weight="1.00" />
    <link:calculationArc xlink:type="arc" xlink:arcrole="http://www.xbrl.org/2003/arcrole/summation-item" xlink:from="us-gaap_CashCashEquivalentsRestrictedCashAndRestrictedCashEquivalentsPeriodIncreaseDecreaseIncludingExchangeRateEffect" xlink:to="us-gaap_NetCashProvidedByUsedInFinancingActivities" order="10020.00" priority="2" use="optional" weight="1.00" />
    <link:calculationArc xlink:type="arc" xlink:arcrole="http://www.xbrl.org/2003/arcrole/summation-item" xlink:from="us-gaap_CashCashEquivalentsRestrictedCashAndRestrictedCashEquivalentsPeriodIncreaseDecreaseIncludingExchangeRateEffect" xlink:to="us-gaap_NetCashProvidedByUsedInInvestingActivities" order="10030.00" priority="2" use="optional" weight="1.00" />
    <link:calculationArc xlink:type="arc" xlink:arcrole="http://www.xbrl.org/2003/arcrole/summation-item" xlink:from="us-gaap_CashCashEquivalentsRestrictedCashAndRestrictedCashEquivalentsPeriodIncreaseDecreaseIncludingExchangeRateEffect" xlink:to="us-gaap_EffectOfExchangeRateOnCashAndCashEquivalents" order="10040.00" priority="2" use="optional" weight="1.00" />
    <link:calculationArc xlink:type="arc" xlink:arcrole="http://www.xbrl.org/2003/arcrole/summation-item" xlink:from="us-gaap_NetCashProvidedByUsedInInvestingActivities" xlink:to="us-gaap_PaymentsToAcquirePropertyPlantAndEquipment" order="10050.00" priority="2" use="optional" weight="-1.00" />
    <link:calculationArc xlink:type="arc" xlink:arcrole="http://www.xbrl.org/2003/arcrole/summation-item" xlink:from="us-gaap_NetCashProvidedByUsedInInvestingActivities" xlink:to="msft_AcquisitionsNetOfCashAcquiredAndPurchasesOfIntangibleAndOtherAssets" order="10060.00" priority="2" use="optional" weight="-1.00" />
    <link:calculationArc xlink:type="arc" xlink:arcrole="http://www.xbrl.org/2003/arcrole/summation-item" xlink:from="us-gaap_NetCashProvidedByUsedInInvestingActivities" xlink:to="us-gaap_PaymentsToAcquireInvestments" order="10070.00" priority="2" use="optional" weight="-1.00" />
    <link:calculationArc xlink:type="arc" xlink:arcrole="http://www.xbrl.org/2003/arcrole/summation-item" xlink:from="us-gaap_NetCashProvidedByUsedInInvestingActivities" xlink:to="us-gaap_ProceedsFromMaturitiesPrepaymentsAndCallsOfAvailableForSaleSecurities" order="10080.00" priority="2" use="optional" weight="1.00" />
    <link:calculationArc xlink:type="arc" xlink:arcrole="http://www.xbrl.org/2003/arcrole/summation-item" xlink:from="us-gaap_NetCashProvidedByUsedInInvestingActivities" xlink:to="msft_ProceedsFromInvestments" order="10090.00" priority="2" use="optional" weight="1.00" />
    <link:calculationArc xlink:type="arc" xlink:arcrole="http://www.xbrl.org/2003/arcrole/summation-item" xlink:from="us-gaap_NetCashProvidedByUsedInFinancingActivities" xlink:to="us-gaap_RepaymentsOfDebtMaturingInMoreThanThreeMonths" order="10100.00" priority="2" use="optional" weight="-1.00" />
    <link:calculationArc xlink:type="arc" xlink:arcrole="http://www.xbrl.org/2003/arcrole/summation-item" xlink:from="us-gaap_NetCashProvidedByUsedInFinancingActivities" xlink:to="us-gaap_ProceedsFromIssuanceOfCommonStock" order="10110.00" priority="2" use="optional" weight="1.00" />
    <link:calculationArc xlink:type="arc" xlink:arcrole="http://www.xbrl.org/2003/arcrole/summation-item" xlink:from="us-gaap_NetCashProvidedByUsedInFinancingActivities" xlink:to="us-gaap_PaymentsForRepurchaseOfCommonStock" order="10120.00" priority="2" use="optional" weight="-1.00" />
    <link:calculationArc xlink:type="arc" xlink:arcrole="http://www.xbrl.org/2003/arcrole/summation-item" xlink:from="us-gaap_NetCashProvidedByUsedInFinancingActivities" xlink:to="us-gaap_PaymentsOfDividendsCommonStock" order="10130.00" priority="2" use="optional" weight="-1.00" />
    <link:calculationArc xlink:type="arc" xlink:arcrole="http://www.xbrl.org/2003/arcrole/summation-item" xlink:from="us-gaap_NetCashProvidedByUsedInFinancingActivities" xlink:to="us-gaap_ProceedsFromPaymentsForOtherFinancingActivities" order="10140.00" priority="2" use="optional" weight="1.00" />
    <link:calculationArc xlink:type="arc" xlink:arcrole="http://www.xbrl.org/2003/arcrole/summation-item" xlink:from="us-gaap_NetCashProvidedByUsedInOperatingActivities" xlink:to="us-gaap_NetIncomeLoss" order="10150.00" priority="2" use="optional" weight="1.00" />
    <link:calculationArc xlink:type="arc" xlink:arcrole="http://www.xbrl.org/2003/arcrole/summation-item" xlink:from="us-gaap_NetCashProvidedByUsedInOperatingActivities" xlink:to="msft_DepreciationAmortizationAndOther" order="10160.00" priority="2" use="optional" weight="1.00" />
    <link:calculationArc xlink:type="arc" xlink:arcrole="http://www.xbrl.org/2003/arcrole/summation-item" xlink:from="us-gaap_NetCashProvidedByUsedInOperatingActivities" xlink:to="us-gaap_ShareBasedCompensation" order="10170.00" priority="2" use="optional" weight="1.00" />
    <link:calculationArc xlink:type="arc" xlink:arcrole="http://www.xbrl.org/2003/arcrole/summation-item" xlink:from="us-gaap_NetCashProvidedByUsedInOperatingActivities" xlink:to="msft_GainLossOnInvestmentsAndDerivativeInstruments" order="10180.00" priority="2" use="optional" weight="-1.00" />
    <link:calculationArc xlink:type="arc" xlink:arcrole="http://www.xbrl.org/2003/arcrole/summation-item" xlink:from="us-gaap_NetCashProvidedByUsedInOperatingActivities" xlink:to="us-gaap_DeferredIncomeTaxExpenseBenefit" order="10190.00" priority="2" use="optional" weight="1.00" />
    <link:calculationArc xlink:type="arc" xlink:arcrole="http://www.xbrl.org/2003/arcrole/summation-item" xlink:from="us-gaap_NetCashProvidedByUsedInOperatingActivities" xlink:to="us-gaap_IncreaseDecreaseInAccountsReceivable" order="10200.00" priority="2" use="optional" weight="-1.00" />
    <link:calculationArc xlink:type="arc" xlink:arcrole="http://www.xbrl.org/2003/arcrole/summation-item" xlink:from="us-gaap_NetCashProvidedByUsedInOperatingActivities" xlink:to="us-gaap_IncreaseDecreaseInInventories" order="10210.00" priority="2" use="optional" weight="-1.00" />
    <link:calculationArc xlink:type="arc" xlink:arcrole="http://www.xbrl.org/2003/arcrole/summation-item" xlink:from="us-gaap_NetCashProvidedByUsedInOperatingActivities" xlink:to="us-gaap_IncreaseDecreaseInOtherCurrentAssets" order="10220.00" priority="2" use="optional" weight="-1.00" />
    <link:calculationArc xlink:type="arc" xlink:arcrole="http://www.xbrl.org/2003/arcrole/summation-item" xlink:from="us-gaap_NetCashProvidedByUsedInOperatingActivities" xlink:to="us-gaap_IncreaseDecreaseInOtherNoncurrentAssets" order="10230.00" priority="2" use="optional" weight="-1.00" />
    <link:calculationArc xlink:type="arc" xlink:arcrole="http://www.xbrl.org/2003/arcrole/summation-item" xlink:from="us-gaap_NetCashProvidedByUsedInOperatingActivities" xlink:to="us-gaap_IncreaseDecreaseInAccountsPayable" order="10240.00" priority="2" use="optional" weight="1.00" />
    <link:calculationArc xlink:type="arc" xlink:arcrole="http://www.xbrl.org/2003/arcrole/summation-item" xlink:from="us-gaap_NetCashProvidedByUsedInOperatingActivities" xlink:to="us-gaap_IncreaseDecreaseInContractWithCustomerLiability" order="10250.00" priority="2" use="optional" weight="1.00" />
    <link:calculationArc xlink:type="arc" xlink:arcrole="http://www.xbrl.org/2003/arcrole/summation-item" xlink:from="us-gaap_NetCashProvidedByUsedInOperatingActivities" xlink:to="us-gaap_IncreaseDecreaseInAccruedIncomeTaxesPayable" order="10260.00" priority="2" use="optional" weight="1.00" />
    <link:calculationArc xlink:type="arc" xlink:arcrole="http://www.xbrl.org/2003/arcrole/summation-item" xlink:from="us-gaap_NetCashProvidedByUsedInOperatingActivities" xlink:to="us-gaap_IncreaseDecreaseInOtherCurrentLiabilities" order="10270.00" priority="2" use="optional" weight="1.00" />
    <link:calculationArc xlink:type="arc" xlink:arcrole="http://www.xbrl.org/2003/arcrole/summation-item" xlink:from="us-gaap_NetCashProvidedByUsedInOperatingActivities" xlink:to="us-gaap_IncreaseDecreaseInOtherNoncurrentLiabilities" order="10280.00" priority="2" use="optional" weight="1.00" />
  </link:calculationLink>
  <link:roleRef roleURI="http://www.microsoft.com/20200331/taxonomy/role/DisclosureBasicAndDilutedEarningsPerShareDetail" xlink:href="msft-20200331.xsd#Role_DisclosureBasicAndDilutedEarningsPerShareDetail" xlink:type="simple" />
  <link:calculationLink xlink:type="extended" xlink:role="http://www.microsoft.com/20200331/taxonomy/role/DisclosureBasicAndDilutedEarningsPerShareDetail">
    <link:loc xlink:href="http://xbrl.fasb.org/us-gaap/2019/elts/us-gaap-2019-01-31.xsd#us-gaap_IncrementalCommonSharesAttributableToShareBasedPaymentArrangements" xlink:type="locator" xlink:label="us-gaap_IncrementalCommonSharesAttributableToShareBasedPaymentArrangements" />
    <link:loc xlink:href="http://xbrl.fasb.org/us-gaap/2019/elts/us-gaap-2019-01-31.xsd#us-gaap_WeightedAverageNumberOfSharesOutstandingBasic" xlink:type="locator" xlink:label="us-gaap_WeightedAverageNumberOfSharesOutstandingBasic" />
    <link:loc xlink:href="http://xbrl.fasb.org/us-gaap/2019/elts/us-gaap-2019-01-31.xsd#us-gaap_WeightedAverageNumberOfDilutedSharesOutstanding" xlink:type="locator" xlink:label="us-gaap_WeightedAverageNumberOfDilutedSharesOutstanding" />
    <link:calculationArc xlink:type="arc" xlink:arcrole="http://www.xbrl.org/2003/arcrole/summation-item" xlink:from="us-gaap_WeightedAverageNumberOfDilutedSharesOutstanding" xlink:to="us-gaap_WeightedAverageNumberOfSharesOutstandingBasic" order="10010.00" priority="2" use="optional" weight="1.00" />
    <link:calculationArc xlink:type="arc" xlink:arcrole="http://www.xbrl.org/2003/arcrole/summation-item" xlink:from="us-gaap_WeightedAverageNumberOfDilutedSharesOutstanding" xlink:to="us-gaap_IncrementalCommonSharesAttributableToShareBasedPaymentArrangements" order="10020.00" priority="2" use="optional" weight="1.00" />
  </link:calculationLink>
  <link:roleRef roleURI="http://www.microsoft.com/20200331/taxonomy/role/DisclosureComponentsOfOtherIncomeExpenseNetDetail" xlink:href="msft-20200331.xsd#Role_DisclosureComponentsOfOtherIncomeExpenseNetDetail" xlink:type="simple" />
  <link:calculationLink xlink:type="extended" xlink:role="http://www.microsoft.com/20200331/taxonomy/role/DisclosureComponentsOfOtherIncomeExpenseNetDetail">
    <link:loc xlink:href="http://xbrl.fasb.org/us-gaap/2019/elts/us-gaap-2019-01-31.xsd#us-gaap_OtherNonoperatingIncomeExpense" xlink:type="locator" xlink:label="us-gaap_OtherNonoperatingIncomeExpense" />
    <link:loc xlink:href="http://xbrl.fasb.org/us-gaap/2019/elts/us-gaap-2019-01-31.xsd#us-gaap_ForeignCurrencyTransactionGainLossBeforeTax" xlink:type="locator" xlink:label="us-gaap_ForeignCurrencyTransactionGainLossBeforeTax" />
    <link:loc xlink:href="http://xbrl.fasb.org/us-gaap/2019/elts/us-gaap-2019-01-31.xsd#us-gaap_GainLossOnDerivativeInstrumentsNetPretax" xlink:type="locator" xlink:label="us-gaap_GainLossOnDerivativeInstrumentsNetPretax" />
    <link:loc xlink:href="http://xbrl.fasb.org/us-gaap/2019/elts/us-gaap-2019-01-31.xsd#us-gaap_GainLossOnInvestments" xlink:type="locator" xlink:label="us-gaap_GainLossOnInvestments" />
    <link:loc xlink:href="http://xbrl.fasb.org/us-gaap/2019/elts/us-gaap-2019-01-31.xsd#us-gaap_InterestExpense" xlink:type="locator" xlink:label="us-gaap_InterestExpense" />
    <link:loc xlink:href="http://xbrl.fasb.org/us-gaap/2019/elts/us-gaap-2019-01-31.xsd#us-gaap_InvestmentIncomeNet" xlink:type="locator" xlink:label="us-gaap_InvestmentIncomeNet" />
    <link:loc xlink:href="http://xbrl.fasb.org/us-gaap/2019/elts/us-gaap-2019-01-31.xsd#us-gaap_NonoperatingIncomeExpense" xlink:type="locator" xlink:label="us-gaap_NonoperatingIncomeExpense" />
    <link:calculationArc xlink:type="arc" xlink:arcrole="http://www.xbrl.org/2003/arcrole/summation-item" xlink:from="us-gaap_NonoperatingIncomeExpense" xlink:to="us-gaap_InvestmentIncomeNet" order="10010.00" priority="2" use="optional" weight="1.00" />
    <link:calculationArc xlink:type="arc" xlink:arcrole="http://www.xbrl.org/2003/arcrole/summation-item" xlink:from="us-gaap_NonoperatingIncomeExpense" xlink:to="us-gaap_InterestExpense" order="10020.00" priority="2" use="optional" weight="-1.00" />
    <link:calculationArc xlink:type="arc" xlink:arcrole="http://www.xbrl.org/2003/arcrole/summation-item" xlink:from="us-gaap_NonoperatingIncomeExpense" xlink:to="us-gaap_GainLossOnInvestments" order="10030.00" priority="2" use="optional" weight="1.00" />
    <link:calculationArc xlink:type="arc" xlink:arcrole="http://www.xbrl.org/2003/arcrole/summation-item" xlink:from="us-gaap_NonoperatingIncomeExpense" xlink:to="us-gaap_GainLossOnDerivativeInstrumentsNetPretax" order="10040.00" priority="2" use="optional" weight="1.00" />
    <link:calculationArc xlink:type="arc" xlink:arcrole="http://www.xbrl.org/2003/arcrole/summation-item" xlink:from="us-gaap_NonoperatingIncomeExpense" xlink:to="us-gaap_ForeignCurrencyTransactionGainLossBeforeTax" order="10050.00" priority="2" use="optional" weight="1.00" />
    <link:calculationArc xlink:type="arc" xlink:arcrole="http://www.xbrl.org/2003/arcrole/summation-item" xlink:from="us-gaap_NonoperatingIncomeExpense" xlink:to="us-gaap_OtherNonoperatingIncomeExpense" order="10060.00" priority="2" use="optional" weight="1.00" />
  </link:calculationLink>
  <link:roleRef roleURI="http://www.microsoft.com/20200331/taxonomy/role/DisclosureNetRecognizedGainsLossesOnDebtInvestmentsDetail" xlink:href="msft-20200331.xsd#Role_DisclosureNetRecognizedGainsLossesOnDebtInvestmentsDetail" xlink:type="simple" />
  <link:calculationLink xlink:type="extended" xlink:role="http://www.microsoft.com/20200331/taxonomy/role/DisclosureNetRecognizedGainsLossesOnDebtInvestmentsDetail">
    <link:loc xlink:href="http://xbrl.fasb.org/us-gaap/2019/elts/us-gaap-2019-01-31.xsd#us-gaap_ImpairmentOfInvestments" xlink:type="locator" xlink:label="us-gaap_ImpairmentOfInvestments" />
    <link:loc xlink:href="http://xbrl.fasb.org/us-gaap/2019/elts/us-gaap-2019-01-31.xsd#us-gaap_DebtSecuritiesAvailableForSaleRealizedLoss" xlink:type="locator" xlink:label="us-gaap_DebtSecuritiesAvailableForSaleRealizedLoss" />
    <link:loc xlink:href="http://xbrl.fasb.org/us-gaap/2019/elts/us-gaap-2019-01-31.xsd#us-gaap_DebtSecuritiesAvailableForSaleRealizedGain" xlink:type="locator" xlink:label="us-gaap_DebtSecuritiesAvailableForSaleRealizedGain" />
    <link:loc xlink:href="http://xbrl.fasb.org/us-gaap/2019/elts/us-gaap-2019-01-31.xsd#us-gaap_GainLossOnInvestments" xlink:type="locator" xlink:label="us-gaap_GainLossOnInvestments" />
    <link:calculationArc xlink:type="arc" xlink:arcrole="http://www.xbrl.org/2003/arcrole/summation-item" xlink:from="us-gaap_GainLossOnInvestments" xlink:to="us-gaap_DebtSecuritiesAvailableForSaleRealizedGain" order="10010.00" priority="2" use="optional" weight="1.00" />
    <link:calculationArc xlink:type="arc" xlink:arcrole="http://www.xbrl.org/2003/arcrole/summation-item" xlink:from="us-gaap_GainLossOnInvestments" xlink:to="us-gaap_DebtSecuritiesAvailableForSaleRealizedLoss" order="10020.00" priority="2" use="optional" weight="-1.00" />
    <link:calculationArc xlink:type="arc" xlink:arcrole="http://www.xbrl.org/2003/arcrole/summation-item" xlink:from="us-gaap_GainLossOnInvestments" xlink:to="us-gaap_ImpairmentOfInvestments" order="10030.00" priority="2" use="optional" weight="-1.00" />
  </link:calculationLink>
  <link:roleRef roleURI="http://www.microsoft.com/20200331/taxonomy/role/DisclosureNetRecognizedGainsLossesOnEquityInvestmentsDetail" xlink:href="msft-20200331.xsd#Role_DisclosureNetRecognizedGainsLossesOnEquityInvestmentsDetail" xlink:type="simple" />
  <link:calculationLink xlink:type="extended" xlink:role="http://www.microsoft.com/20200331/taxonomy/role/DisclosureNetRecognizedGainsLossesOnEquityInvestmentsDetail">
    <link:loc xlink:href="http://xbrl.fasb.org/us-gaap/2019/elts/us-gaap-2019-01-31.xsd#us-gaap_ImpairmentOfInvestments" xlink:type="locator" xlink:label="us-gaap_ImpairmentOfInvestments" />
    <link:loc xlink:href="http://xbrl.fasb.org/us-gaap/2019/elts/us-gaap-2019-01-31.xsd#us-gaap_EquitySecuritiesFvNiUnrealizedGainLoss" xlink:type="locator" xlink:label="us-gaap_EquitySecuritiesFvNiUnrealizedGainLoss" />
    <link:loc xlink:href="http://xbrl.fasb.org/us-gaap/2019/elts/us-gaap-2019-01-31.xsd#us-gaap_EquitySecuritiesFvNiRealizedGainLoss" xlink:type="locator" xlink:label="us-gaap_EquitySecuritiesFvNiRealizedGainLoss" />
    <link:loc xlink:href="http://xbrl.fasb.org/us-gaap/2019/elts/us-gaap-2019-01-31.xsd#us-gaap_GainLossOnInvestments" xlink:type="locator" xlink:label="us-gaap_GainLossOnInvestments" />
    <link:calculationArc xlink:type="arc" xlink:arcrole="http://www.xbrl.org/2003/arcrole/summation-item" xlink:from="us-gaap_GainLossOnInvestments" xlink:to="us-gaap_EquitySecuritiesFvNiRealizedGainLoss" order="10010.00" priority="2" use="optional" weight="1.00" />
    <link:calculationArc xlink:type="arc" xlink:arcrole="http://www.xbrl.org/2003/arcrole/summation-item" xlink:from="us-gaap_GainLossOnInvestments" xlink:to="us-gaap_EquitySecuritiesFvNiUnrealizedGainLoss" order="10020.00" priority="2" use="optional" weight="1.00" />
    <link:calculationArc xlink:type="arc" xlink:arcrole="http://www.xbrl.org/2003/arcrole/summation-item" xlink:from="us-gaap_GainLossOnInvestments" xlink:to="us-gaap_ImpairmentOfInvestments" order="10030.00" priority="2" use="optional" weight="-1.00" />
  </link:calculationLink>
  <link:roleRef roleURI="http://www.microsoft.com/20200331/taxonomy/role/DisclosureInvestmentComponentsDetail" xlink:href="msft-20200331.xsd#Role_DisclosureInvestmentComponentsDetail" xlink:type="simple" />
  <link:calculationLink xlink:type="extended" xlink:role="http://www.microsoft.com/20200331/taxonomy/role/DisclosureInvestmentComponentsDetail">
    <link:loc xlink:href="http://xbrl.fasb.org/us-gaap/2019/elts/us-gaap-2019-01-31.xsd#us-gaap_AvailableForSaleSecuritiesDebtSecurities" xlink:type="locator" xlink:label="us-gaap_AvailableForSaleSecuritiesDebtSecurities" />
    <link:loc xlink:href="http://xbrl.fasb.org/us-gaap/2019/elts/us-gaap-2019-01-31.xsd#us-gaap_AvailableForSaleDebtSecuritiesAccumulatedGrossUnrealizedLossBeforeTax" xlink:type="locator" xlink:label="us-gaap_AvailableForSaleDebtSecuritiesAccumulatedGrossUnrealizedLossBeforeTax" />
    <link:loc xlink:href="http://xbrl.fasb.org/us-gaap/2019/elts/us-gaap-2019-01-31.xsd#us-gaap_AvailableForSaleDebtSecuritiesAccumulatedGrossUnrealizedGainBeforeTax" xlink:type="locator" xlink:label="us-gaap_AvailableForSaleDebtSecuritiesAccumulatedGrossUnrealizedGainBeforeTax" />
    <link:loc xlink:href="http://xbrl.fasb.org/us-gaap/2019/elts/us-gaap-2019-01-31.xsd#us-gaap_AvailableForSaleDebtSecuritiesAmortizedCostBasis" xlink:type="locator" xlink:label="us-gaap_AvailableForSaleDebtSecuritiesAmortizedCostBasis" />
    <link:loc xlink:href="http://xbrl.fasb.org/us-gaap/2019/elts/us-gaap-2019-01-31.xsd#us-gaap_LongTermInvestments" xlink:type="locator" xlink:label="us-gaap_LongTermInvestments" />
    <link:loc xlink:href="http://xbrl.fasb.org/us-gaap/2019/elts/us-gaap-2019-01-31.xsd#us-gaap_ShortTermInvestments" xlink:type="locator" xlink:label="us-gaap_ShortTermInvestments" />
    <link:loc xlink:href="http://xbrl.fasb.org/us-gaap/2019/elts/us-gaap-2019-01-31.xsd#us-gaap_CashAndCashEquivalentsAtCarryingValue" xlink:type="locator" xlink:label="us-gaap_CashAndCashEquivalentsAtCarryingValue" />
    <link:loc xlink:href="msft-20200331.xsd#msft_CashCashEquivalentsAndInvestments" xlink:type="locator" xlink:label="msft_CashCashEquivalentsAndInvestments" />
    <link:calculationArc xlink:type="arc" xlink:arcrole="http://www.xbrl.org/2003/arcrole/summation-item" xlink:from="msft_CashCashEquivalentsAndInvestments" xlink:to="us-gaap_CashAndCashEquivalentsAtCarryingValue" order="10010.00" priority="2" use="optional" weight="1.00" />
    <link:calculationArc xlink:type="arc" xlink:arcrole="http://www.xbrl.org/2003/arcrole/summation-item" xlink:from="msft_CashCashEquivalentsAndInvestments" xlink:to="us-gaap_ShortTermInvestments" order="10020.00" priority="2" use="optional" weight="1.00" />
    <link:calculationArc xlink:type="arc" xlink:arcrole="http://www.xbrl.org/2003/arcrole/summation-item" xlink:from="msft_CashCashEquivalentsAndInvestments" xlink:to="us-gaap_LongTermInvestments" order="10030.00" priority="2" use="optional" weight="1.00" />
    <link:calculationArc xlink:type="arc" xlink:arcrole="http://www.xbrl.org/2003/arcrole/summation-item" xlink:from="us-gaap_AvailableForSaleDebtSecuritiesAmortizedCostBasis" xlink:to="us-gaap_AvailableForSaleDebtSecuritiesAccumulatedGrossUnrealizedGainBeforeTax" order="10040.00" priority="2" use="optional" weight="-1.00" />
    <link:calculationArc xlink:type="arc" xlink:arcrole="http://www.xbrl.org/2003/arcrole/summation-item" xlink:from="us-gaap_AvailableForSaleDebtSecuritiesAmortizedCostBasis" xlink:to="us-gaap_AvailableForSaleDebtSecuritiesAccumulatedGrossUnrealizedLossBeforeTax" order="10050.00" priority="2" use="optional" weight="1.00" />
    <link:calculationArc xlink:type="arc" xlink:arcrole="http://www.xbrl.org/2003/arcrole/summation-item" xlink:from="us-gaap_AvailableForSaleDebtSecuritiesAmortizedCostBasis" xlink:to="us-gaap_AvailableForSaleSecuritiesDebtSecurities" order="10060.00" priority="2" use="optional" weight="1.00" />
  </link:calculationLink>
  <link:roleRef roleURI="http://www.microsoft.com/20200331/taxonomy/role/DisclosureUnrealizedLossesOnDebtInvestmentsDetail" xlink:href="msft-20200331.xsd#Role_DisclosureUnrealizedLossesOnDebtInvestmentsDetail" xlink:type="simple" />
  <link:calculationLink xlink:type="extended" xlink:role="http://www.microsoft.com/20200331/taxonomy/role/DisclosureUnrealizedLossesOnDebtInvestmentsDetail">
    <link:loc xlink:href="http://xbrl.fasb.org/us-gaap/2019/elts/us-gaap-2019-01-31.xsd#us-gaap_DebtSecuritiesAvailableForSaleContinuousUnrealizedLossPosition12MonthsOrLonger" xlink:type="locator" xlink:label="us-gaap_DebtSecuritiesAvailableForSaleContinuousUnrealizedLossPosition12MonthsOrLonger" />
    <link:loc xlink:href="http://xbrl.fasb.org/us-gaap/2019/elts/us-gaap-2019-01-31.xsd#us-gaap_DebtSecuritiesAvailableForSaleContinuousUnrealizedLossPositionLessThan12Months" xlink:type="locator" xlink:label="us-gaap_DebtSecuritiesAvailableForSaleContinuousUnrealizedLossPositionLessThan12Months" />
    <link:loc xlink:href="http://xbrl.fasb.org/us-gaap/2019/elts/us-gaap-2019-01-31.xsd#us-gaap_DebtSecuritiesAvailableForSaleUnrealizedLossPosition" xlink:type="locator" xlink:label="us-gaap_DebtSecuritiesAvailableForSaleUnrealizedLossPosition" />
    <link:loc xlink:href="http://xbrl.fasb.org/us-gaap/2019/elts/us-gaap-2019-01-31.xsd#us-gaap_DebtSecuritiesAvailableForSaleContinuousUnrealizedLossPosition12MonthsOrLongerAccumulatedLoss" xlink:type="locator" xlink:label="us-gaap_DebtSecuritiesAvailableForSaleContinuousUnrealizedLossPosition12MonthsOrLongerAccumulatedLoss" />
    <link:loc xlink:href="http://xbrl.fasb.org/us-gaap/2019/elts/us-gaap-2019-01-31.xsd#us-gaap_DebtSecuritiesAvailableForSaleContinuousUnrealizedLossPositionLessThan12MonthsAccumulatedLoss" xlink:type="locator" xlink:label="us-gaap_DebtSecuritiesAvailableForSaleContinuousUnrealizedLossPositionLessThan12MonthsAccumulatedLoss" />
    <link:loc xlink:href="http://xbrl.fasb.org/us-gaap/2019/elts/us-gaap-2019-01-31.xsd#us-gaap_DebtSecuritiesAvailableForSaleUnrealizedLossPositionAccumulatedLoss" xlink:type="locator" xlink:label="us-gaap_DebtSecuritiesAvailableForSaleUnrealizedLossPositionAccumulatedLoss" />
    <link:calculationArc xlink:type="arc" xlink:arcrole="http://www.xbrl.org/2003/arcrole/summation-item" xlink:from="us-gaap_DebtSecuritiesAvailableForSaleUnrealizedLossPositionAccumulatedLoss" xlink:to="us-gaap_DebtSecuritiesAvailableForSaleContinuousUnrealizedLossPositionLessThan12MonthsAccumulatedLoss" order="10010.00" priority="2" use="optional" weight="1.00" />
    <link:calculationArc xlink:type="arc" xlink:arcrole="http://www.xbrl.org/2003/arcrole/summation-item" xlink:from="us-gaap_DebtSecuritiesAvailableForSaleUnrealizedLossPositionAccumulatedLoss" xlink:to="us-gaap_DebtSecuritiesAvailableForSaleContinuousUnrealizedLossPosition12MonthsOrLongerAccumulatedLoss" order="10020.00" priority="2" use="optional" weight="1.00" />
    <link:calculationArc xlink:type="arc" xlink:arcrole="http://www.xbrl.org/2003/arcrole/summation-item" xlink:from="us-gaap_DebtSecuritiesAvailableForSaleUnrealizedLossPosition" xlink:to="us-gaap_DebtSecuritiesAvailableForSaleContinuousUnrealizedLossPositionLessThan12Months" order="10030.00" priority="2" use="optional" weight="1.00" />
    <link:calculationArc xlink:type="arc" xlink:arcrole="http://www.xbrl.org/2003/arcrole/summation-item" xlink:from="us-gaap_DebtSecuritiesAvailableForSaleUnrealizedLossPosition" xlink:to="us-gaap_DebtSecuritiesAvailableForSaleContinuousUnrealizedLossPosition12MonthsOrLonger" order="10040.00" priority="2" use="optional" weight="1.00" />
  </link:calculationLink>
  <link:roleRef roleURI="http://www.microsoft.com/20200331/taxonomy/role/DisclosureDebtInvestmentMaturitiesDetail" xlink:href="msft-20200331.xsd#Role_DisclosureDebtInvestmentMaturitiesDetail" xlink:type="simple" />
  <link:calculationLink xlink:type="extended" xlink:role="http://www.microsoft.com/20200331/taxonomy/role/DisclosureDebtInvestmentMaturitiesDetail">
    <link:loc xlink:href="http://xbrl.fasb.org/us-gaap/2019/elts/us-gaap-2019-01-31.xsd#us-gaap_AvailableForSaleSecuritiesDebtMaturitiesRollingAfterYearTenAmortizedCostBasis" xlink:type="locator" xlink:label="us-gaap_AvailableForSaleSecuritiesDebtMaturitiesRollingAfterYearTenAmortizedCostBasis" />
    <link:loc xlink:href="http://xbrl.fasb.org/us-gaap/2019/elts/us-gaap-2019-01-31.xsd#us-gaap_AvailableForSaleSecuritiesDebtMaturitiesRollingYearSixThroughTenAmortizedCostBasis" xlink:type="locator" xlink:label="us-gaap_AvailableForSaleSecuritiesDebtMaturitiesRollingYearSixThroughTenAmortizedCostBasis" />
    <link:loc xlink:href="http://xbrl.fasb.org/us-gaap/2019/elts/us-gaap-2019-01-31.xsd#us-gaap_AvailableForSaleSecuritiesDebtMaturitiesRollingYearTwoThroughFiveAmortizedCostBasis" xlink:type="locator" xlink:label="us-gaap_AvailableForSaleSecuritiesDebtMaturitiesRollingYearTwoThroughFiveAmortizedCostBasis" />
    <link:loc xlink:href="http://xbrl.fasb.org/us-gaap/2019/elts/us-gaap-2019-01-31.xsd#us-gaap_AvailableForSaleSecuritiesDebtMaturitiesNextRollingTwelveMonthsAmortizedCostBasis" xlink:type="locator" xlink:label="us-gaap_AvailableForSaleSecuritiesDebtMaturitiesNextRollingTwelveMonthsAmortizedCostBasis" />
    <link:loc xlink:href="http://xbrl.fasb.org/us-gaap/2019/elts/us-gaap-2019-01-31.xsd#us-gaap_AvailableForSaleDebtSecuritiesAmortizedCostBasis" xlink:type="locator" xlink:label="us-gaap_AvailableForSaleDebtSecuritiesAmortizedCostBasis" />
    <link:loc xlink:href="http://xbrl.fasb.org/us-gaap/2019/elts/us-gaap-2019-01-31.xsd#us-gaap_AvailableForSaleSecuritiesDebtMaturitiesRollingAfterYearTenFairValue" xlink:type="locator" xlink:label="us-gaap_AvailableForSaleSecuritiesDebtMaturitiesRollingAfterYearTenFairValue" />
    <link:loc xlink:href="http://xbrl.fasb.org/us-gaap/2019/elts/us-gaap-2019-01-31.xsd#us-gaap_AvailableForSaleSecuritiesDebtMaturitiesRollingYearSixThroughTenFairValue" xlink:type="locator" xlink:label="us-gaap_AvailableForSaleSecuritiesDebtMaturitiesRollingYearSixThroughTenFairValue" />
    <link:loc xlink:href="http://xbrl.fasb.org/us-gaap/2019/elts/us-gaap-2019-01-31.xsd#us-gaap_AvailableForSaleSecuritiesDebtMaturitiesRollingYearTwoThroughFiveFairValue" xlink:type="locator" xlink:label="us-gaap_AvailableForSaleSecuritiesDebtMaturitiesRollingYearTwoThroughFiveFairValue" />
    <link:loc xlink:href="http://xbrl.fasb.org/us-gaap/2019/elts/us-gaap-2019-01-31.xsd#us-gaap_AvailableForSaleSecuritiesDebtMaturitiesNextRollingTwelveMonthsFairValue" xlink:type="locator" xlink:label="us-gaap_AvailableForSaleSecuritiesDebtMaturitiesNextRollingTwelveMonthsFairValue" />
    <link:loc xlink:href="http://xbrl.fasb.org/us-gaap/2019/elts/us-gaap-2019-01-31.xsd#us-gaap_AvailableForSaleSecuritiesDebtSecurities" xlink:type="locator" xlink:label="us-gaap_AvailableForSaleSecuritiesDebtSecurities" />
    <link:calculationArc xlink:type="arc" xlink:arcrole="http://www.xbrl.org/2003/arcrole/summation-item" xlink:from="us-gaap_AvailableForSaleSecuritiesDebtSecurities" xlink:to="us-gaap_AvailableForSaleSecuritiesDebtMaturitiesNextRollingTwelveMonthsFairValue" order="10010.00" priority="2" use="optional" weight="1.00" />
    <link:calculationArc xlink:type="arc" xlink:arcrole="http://www.xbrl.org/2003/arcrole/summation-item" xlink:from="us-gaap_AvailableForSaleSecuritiesDebtSecurities" xlink:to="us-gaap_AvailableForSaleSecuritiesDebtMaturitiesRollingYearTwoThroughFiveFairValue" order="10020.00" priority="2" use="optional" weight="1.00" />
    <link:calculationArc xlink:type="arc" xlink:arcrole="http://www.xbrl.org/2003/arcrole/summation-item" xlink:from="us-gaap_AvailableForSaleSecuritiesDebtSecurities" xlink:to="us-gaap_AvailableForSaleSecuritiesDebtMaturitiesRollingYearSixThroughTenFairValue" order="10030.00" priority="2" use="optional" weight="1.00" />
    <link:calculationArc xlink:type="arc" xlink:arcrole="http://www.xbrl.org/2003/arcrole/summation-item" xlink:from="us-gaap_AvailableForSaleSecuritiesDebtSecurities" xlink:to="us-gaap_AvailableForSaleSecuritiesDebtMaturitiesRollingAfterYearTenFairValue" order="10040.00" priority="2" use="optional" weight="1.00" />
    <link:calculationArc xlink:type="arc" xlink:arcrole="http://www.xbrl.org/2003/arcrole/summation-item" xlink:from="us-gaap_AvailableForSaleDebtSecuritiesAmortizedCostBasis" xlink:to="us-gaap_AvailableForSaleSecuritiesDebtMaturitiesNextRollingTwelveMonthsAmortizedCostBasis" order="10050.00" priority="2" use="optional" weight="1.00" />
    <link:calculationArc xlink:type="arc" xlink:arcrole="http://www.xbrl.org/2003/arcrole/summation-item" xlink:from="us-gaap_AvailableForSaleDebtSecuritiesAmortizedCostBasis" xlink:to="us-gaap_AvailableForSaleSecuritiesDebtMaturitiesRollingYearTwoThroughFiveAmortizedCostBasis" order="10060.00" priority="2" use="optional" weight="1.00" />
    <link:calculationArc xlink:type="arc" xlink:arcrole="http://www.xbrl.org/2003/arcrole/summation-item" xlink:from="us-gaap_AvailableForSaleDebtSecuritiesAmortizedCostBasis" xlink:to="us-gaap_AvailableForSaleSecuritiesDebtMaturitiesRollingYearSixThroughTenAmortizedCostBasis" order="10070.00" priority="2" use="optional" weight="1.00" />
    <link:calculationArc xlink:type="arc" xlink:arcrole="http://www.xbrl.org/2003/arcrole/summation-item" xlink:from="us-gaap_AvailableForSaleDebtSecuritiesAmortizedCostBasis" xlink:to="us-gaap_AvailableForSaleSecuritiesDebtMaturitiesRollingAfterYearTenAmortizedCostBasis" order="10080.00" priority="2" use="optional" weight="1.00" />
  </link:calculationLink>
  <link:roleRef roleURI="http://www.microsoft.com/20200331/taxonomy/role/DisclosureFairValuesOfDerivativeInstrumentsDetail" xlink:href="msft-20200331.xsd#Role_DisclosureFairValuesOfDerivativeInstrumentsDetail" xlink:type="simple" />
  <link:calculationLink xlink:type="extended" xlink:role="http://www.microsoft.com/20200331/taxonomy/role/DisclosureFairValuesOfDerivativeInstrumentsDetail">
    <link:loc xlink:href="http://xbrl.fasb.org/us-gaap/2019/elts/us-gaap-2019-01-31.xsd#us-gaap_DerivativeCollateralRightToReclaimCash" xlink:type="locator" xlink:label="us-gaap_DerivativeCollateralRightToReclaimCash" />
    <link:loc xlink:href="http://xbrl.fasb.org/us-gaap/2019/elts/us-gaap-2019-01-31.xsd#us-gaap_DerivativeAssetFairValueGrossLiability" xlink:type="locator" xlink:label="us-gaap_DerivativeAssetFairValueGrossLiability" />
    <link:loc xlink:href="http://xbrl.fasb.org/us-gaap/2019/elts/us-gaap-2019-01-31.xsd#us-gaap_DerivativeAssetFairValueGrossAssetIncludingNotSubjectToMasterNettingArrangement" xlink:type="locator" xlink:label="us-gaap_DerivativeAssetFairValueGrossAssetIncludingNotSubjectToMasterNettingArrangement" />
    <link:loc xlink:href="http://xbrl.fasb.org/us-gaap/2019/elts/us-gaap-2019-01-31.xsd#us-gaap_DerivativeAssets" xlink:type="locator" xlink:label="us-gaap_DerivativeAssets" />
    <link:loc xlink:href="http://xbrl.fasb.org/us-gaap/2019/elts/us-gaap-2019-01-31.xsd#us-gaap_DerivativeCollateralObligationToReturnCash" xlink:type="locator" xlink:label="us-gaap_DerivativeCollateralObligationToReturnCash" />
    <link:loc xlink:href="http://xbrl.fasb.org/us-gaap/2019/elts/us-gaap-2019-01-31.xsd#us-gaap_DerivativeLiabilityFairValueGrossAsset" xlink:type="locator" xlink:label="us-gaap_DerivativeLiabilityFairValueGrossAsset" />
    <link:loc xlink:href="http://xbrl.fasb.org/us-gaap/2019/elts/us-gaap-2019-01-31.xsd#us-gaap_DerivativeLiabilityFairValueGrossLiabilityIncludingNotSubjectToMasterNettingArrangement" xlink:type="locator" xlink:label="us-gaap_DerivativeLiabilityFairValueGrossLiabilityIncludingNotSubjectToMasterNettingArrangement" />
    <link:loc xlink:href="http://xbrl.fasb.org/us-gaap/2019/elts/us-gaap-2019-01-31.xsd#us-gaap_DerivativeLiabilities" xlink:type="locator" xlink:label="us-gaap_DerivativeLiabilities" />
    <link:calculationArc xlink:type="arc" xlink:arcrole="http://www.xbrl.org/2003/arcrole/summation-item" xlink:from="us-gaap_DerivativeLiabilities" xlink:to="us-gaap_DerivativeLiabilityFairValueGrossLiabilityIncludingNotSubjectToMasterNettingArrangement" order="10010.00" priority="2" use="optional" weight="1.00" />
    <link:calculationArc xlink:type="arc" xlink:arcrole="http://www.xbrl.org/2003/arcrole/summation-item" xlink:from="us-gaap_DerivativeLiabilities" xlink:to="us-gaap_DerivativeLiabilityFairValueGrossAsset" order="10020.00" priority="2" use="optional" weight="-1.00" />
    <link:calculationArc xlink:type="arc" xlink:arcrole="http://www.xbrl.org/2003/arcrole/summation-item" xlink:from="us-gaap_DerivativeLiabilities" xlink:to="us-gaap_DerivativeCollateralObligationToReturnCash" order="10030.00" priority="2" use="optional" weight="1.00" />
    <link:calculationArc xlink:type="arc" xlink:arcrole="http://www.xbrl.org/2003/arcrole/summation-item" xlink:from="us-gaap_DerivativeAssets" xlink:to="us-gaap_DerivativeAssetFairValueGrossAssetIncludingNotSubjectToMasterNettingArrangement" order="10040.00" priority="2" use="optional" weight="1.00" />
    <link:calculationArc xlink:type="arc" xlink:arcrole="http://www.xbrl.org/2003/arcrole/summation-item" xlink:from="us-gaap_DerivativeAssets" xlink:to="us-gaap_DerivativeAssetFairValueGrossLiability" order="10050.00" priority="2" use="optional" weight="-1.00" />
    <link:calculationArc xlink:type="arc" xlink:arcrole="http://www.xbrl.org/2003/arcrole/summation-item" xlink:from="us-gaap_DerivativeAssets" xlink:to="us-gaap_DerivativeCollateralRightToReclaimCash" order="10060.00" priority="2" use="optional" weight="1.00" />
  </link:calculationLink>
  <link:roleRef roleURI="http://www.microsoft.com/20200331/taxonomy/role/DisclosureComponentsOfInventoriesDetail" xlink:href="msft-20200331.xsd#Role_DisclosureComponentsOfInventoriesDetail" xlink:type="simple" />
  <link:calculationLink xlink:type="extended" xlink:role="http://www.microsoft.com/20200331/taxonomy/role/DisclosureComponentsOfInventoriesDetail">
    <link:loc xlink:href="http://xbrl.fasb.org/us-gaap/2019/elts/us-gaap-2019-01-31.xsd#us-gaap_InventoryFinishedGoodsNetOfReserves" xlink:type="locator" xlink:label="us-gaap_InventoryFinishedGoodsNetOfReserves" />
    <link:loc xlink:href="http://xbrl.fasb.org/us-gaap/2019/elts/us-gaap-2019-01-31.xsd#us-gaap_InventoryWorkInProcessNetOfReserves" xlink:type="locator" xlink:label="us-gaap_InventoryWorkInProcessNetOfReserves" />
    <link:loc xlink:href="http://xbrl.fasb.org/us-gaap/2019/elts/us-gaap-2019-01-31.xsd#us-gaap_InventoryRawMaterialsNetOfReserves" xlink:type="locator" xlink:label="us-gaap_InventoryRawMaterialsNetOfReserves" />
    <link:loc xlink:href="http://xbrl.fasb.org/us-gaap/2019/elts/us-gaap-2019-01-31.xsd#us-gaap_InventoryNet" xlink:type="locator" xlink:label="us-gaap_InventoryNet" />
    <link:calculationArc xlink:type="arc" xlink:arcrole="http://www.xbrl.org/2003/arcrole/summation-item" xlink:from="us-gaap_InventoryNet" xlink:to="us-gaap_InventoryRawMaterialsNetOfReserves" order="10010.00" priority="2" use="optional" weight="1.00" />
    <link:calculationArc xlink:type="arc" xlink:arcrole="http://www.xbrl.org/2003/arcrole/summation-item" xlink:from="us-gaap_InventoryNet" xlink:to="us-gaap_InventoryWorkInProcessNetOfReserves" order="10020.00" priority="2" use="optional" weight="1.00" />
    <link:calculationArc xlink:type="arc" xlink:arcrole="http://www.xbrl.org/2003/arcrole/summation-item" xlink:from="us-gaap_InventoryNet" xlink:to="us-gaap_InventoryFinishedGoodsNetOfReserves" order="10030.00" priority="2" use="optional" weight="1.00" />
  </link:calculationLink>
  <link:roleRef roleURI="http://www.microsoft.com/20200331/taxonomy/role/DisclosureFiniteLivedIntangibleAssetsDetail" xlink:href="msft-20200331.xsd#Role_DisclosureFiniteLivedIntangibleAssetsDetail" xlink:type="simple" />
  <link:calculationLink xlink:type="extended" xlink:role="http://www.microsoft.com/20200331/taxonomy/role/DisclosureFiniteLivedIntangibleAssetsDetail">
    <link:loc xlink:href="http://xbrl.fasb.org/us-gaap/2019/elts/us-gaap-2019-01-31.xsd#us-gaap_FiniteLivedIntangibleAssetsAccumulatedAmortization" xlink:type="locator" xlink:label="us-gaap_FiniteLivedIntangibleAssetsAccumulatedAmortization" />
    <link:loc xlink:href="http://xbrl.fasb.org/us-gaap/2019/elts/us-gaap-2019-01-31.xsd#us-gaap_FiniteLivedIntangibleAssetsGross" xlink:type="locator" xlink:label="us-gaap_FiniteLivedIntangibleAssetsGross" />
    <link:loc xlink:href="http://xbrl.fasb.org/us-gaap/2019/elts/us-gaap-2019-01-31.xsd#us-gaap_FiniteLivedIntangibleAssetsNet" xlink:type="locator" xlink:label="us-gaap_FiniteLivedIntangibleAssetsNet" />
    <link:calculationArc xlink:type="arc" xlink:arcrole="http://www.xbrl.org/2003/arcrole/summation-item" xlink:from="us-gaap_FiniteLivedIntangibleAssetsNet" xlink:to="us-gaap_FiniteLivedIntangibleAssetsGross" order="10010.00" priority="2" use="optional" weight="1.00" />
    <link:calculationArc xlink:type="arc" xlink:arcrole="http://www.xbrl.org/2003/arcrole/summation-item" xlink:from="us-gaap_FiniteLivedIntangibleAssetsNet" xlink:to="us-gaap_FiniteLivedIntangibleAssetsAccumulatedAmortization" order="10020.00" priority="2" use="optional" weight="-1.00" />
  </link:calculationLink>
  <link:roleRef roleURI="http://www.microsoft.com/20200331/taxonomy/role/DisclosureEstimatedFutureAmortizationExpenseRelatedToIntangibleAssetsDetail" xlink:href="msft-20200331.xsd#Role_DisclosureEstimatedFutureAmortizationExpenseRelatedToIntangibleAssetsDetail" xlink:type="simple" />
  <link:calculationLink xlink:type="extended" xlink:role="http://www.microsoft.com/20200331/taxonomy/role/DisclosureEstimatedFutureAmortizationExpenseRelatedToIntangibleAssetsDetail">
    <link:loc xlink:href="http://xbrl.fasb.org/us-gaap/2019/elts/us-gaap-2019-01-31.xsd#us-gaap_FiniteLivedIntangibleAssetsAmortizationExpenseAfterYearFive" xlink:type="locator" xlink:label="us-gaap_FiniteLivedIntangibleAssetsAmortizationExpenseAfterYearFive" />
    <link:loc xlink:href="http://xbrl.fasb.org/us-gaap/2019/elts/us-gaap-2019-01-31.xsd#us-gaap_FiniteLivedIntangibleAssetsAmortizationExpenseYearFive" xlink:type="locator" xlink:label="us-gaap_FiniteLivedIntangibleAssetsAmortizationExpenseYearFive" />
    <link:loc xlink:href="http://xbrl.fasb.org/us-gaap/2019/elts/us-gaap-2019-01-31.xsd#us-gaap_FiniteLivedIntangibleAssetsAmortizationExpenseYearFour" xlink:type="locator" xlink:label="us-gaap_FiniteLivedIntangibleAssetsAmortizationExpenseYearFour" />
    <link:loc xlink:href="http://xbrl.fasb.org/us-gaap/2019/elts/us-gaap-2019-01-31.xsd#us-gaap_FiniteLivedIntangibleAssetsAmortizationExpenseYearThree" xlink:type="locator" xlink:label="us-gaap_FiniteLivedIntangibleAssetsAmortizationExpenseYearThree" />
    <link:loc xlink:href="http://xbrl.fasb.org/us-gaap/2019/elts/us-gaap-2019-01-31.xsd#us-gaap_FiniteLivedIntangibleAssetsAmortizationExpenseYearTwo" xlink:type="locator" xlink:label="us-gaap_FiniteLivedIntangibleAssetsAmortizationExpenseYearTwo" />
    <link:loc xlink:href="http://xbrl.fasb.org/us-gaap/2019/elts/us-gaap-2019-01-31.xsd#us-gaap_FiniteLivedIntangibleAssetsAmortizationExpenseRemainderOfFiscalYear" xlink:type="locator" xlink:label="us-gaap_FiniteLivedIntangibleAssetsAmortizationExpenseRemainderOfFiscalYear" />
    <link:loc xlink:href="http://xbrl.fasb.org/us-gaap/2019/elts/us-gaap-2019-01-31.xsd#us-gaap_FiniteLivedIntangibleAssetsNet" xlink:type="locator" xlink:label="us-gaap_FiniteLivedIntangibleAssetsNet" />
    <link:calculationArc xlink:type="arc" xlink:arcrole="http://www.xbrl.org/2003/arcrole/summation-item" xlink:from="us-gaap_FiniteLivedIntangibleAssetsNet" xlink:to="us-gaap_FiniteLivedIntangibleAssetsAmortizationExpenseRemainderOfFiscalYear" order="10010.00" priority="2" use="optional" weight="1.00" />
    <link:calculationArc xlink:type="arc" xlink:arcrole="http://www.xbrl.org/2003/arcrole/summation-item" xlink:from="us-gaap_FiniteLivedIntangibleAssetsNet" xlink:to="us-gaap_FiniteLivedIntangibleAssetsAmortizationExpenseYearTwo" order="10020.00" priority="2" use="optional" weight="1.00" />
    <link:calculationArc xlink:type="arc" xlink:arcrole="http://www.xbrl.org/2003/arcrole/summation-item" xlink:from="us-gaap_FiniteLivedIntangibleAssetsNet" xlink:to="us-gaap_FiniteLivedIntangibleAssetsAmortizationExpenseYearThree" order="10030.00" priority="2" use="optional" weight="1.00" />
    <link:calculationArc xlink:type="arc" xlink:arcrole="http://www.xbrl.org/2003/arcrole/summation-item" xlink:from="us-gaap_FiniteLivedIntangibleAssetsNet" xlink:to="us-gaap_FiniteLivedIntangibleAssetsAmortizationExpenseYearFour" order="10040.00" priority="2" use="optional" weight="1.00" />
    <link:calculationArc xlink:type="arc" xlink:arcrole="http://www.xbrl.org/2003/arcrole/summation-item" xlink:from="us-gaap_FiniteLivedIntangibleAssetsNet" xlink:to="us-gaap_FiniteLivedIntangibleAssetsAmortizationExpenseYearFive" order="10050.00" priority="2" use="optional" weight="1.00" />
    <link:calculationArc xlink:type="arc" xlink:arcrole="http://www.xbrl.org/2003/arcrole/summation-item" xlink:from="us-gaap_FiniteLivedIntangibleAssetsNet" xlink:to="us-gaap_FiniteLivedIntangibleAssetsAmortizationExpenseAfterYearFive" order="10060.00" priority="2" use="optional" weight="1.00" />
  </link:calculationLink>
  <link:roleRef roleURI="http://www.microsoft.com/20200331/taxonomy/role/DisclosureDebtDetail" xlink:href="msft-20200331.xsd#Role_DisclosureDebtDetail" xlink:type="simple" />
  <link:calculationLink xlink:type="extended" xlink:role="http://www.microsoft.com/20200331/taxonomy/role/DisclosureDebtDetail">
    <link:loc xlink:href="msft-20200331.xsd#msft_HedgeAccountingFairValueAdjustments" xlink:type="locator" xlink:label="msft_HedgeAccountingFairValueAdjustments" />
    <link:loc xlink:href="http://xbrl.fasb.org/us-gaap/2019/elts/us-gaap-2019-01-31.xsd#us-gaap_DebtInstrumentUnamortizedDiscountPremiumAndDebtIssuanceCostsNet" xlink:type="locator" xlink:label="us-gaap_DebtInstrumentUnamortizedDiscountPremiumAndDebtIssuanceCostsNet" />
    <link:loc xlink:href="http://xbrl.fasb.org/us-gaap/2019/elts/us-gaap-2019-01-31.xsd#us-gaap_DebtInstrumentCarryingAmount" xlink:type="locator" xlink:label="us-gaap_DebtInstrumentCarryingAmount" />
    <link:loc xlink:href="http://xbrl.fasb.org/us-gaap/2019/elts/us-gaap-2019-01-31.xsd#us-gaap_LongTermDebt" xlink:type="locator" xlink:label="us-gaap_LongTermDebt" />
    <link:calculationArc xlink:type="arc" xlink:arcrole="http://www.xbrl.org/2003/arcrole/summation-item" xlink:from="us-gaap_LongTermDebt" xlink:to="us-gaap_DebtInstrumentCarryingAmount" order="14430.00" priority="2" use="optional" weight="1.00" />
    <link:calculationArc xlink:type="arc" xlink:arcrole="http://www.xbrl.org/2003/arcrole/summation-item" xlink:from="us-gaap_LongTermDebt" xlink:to="us-gaap_DebtInstrumentUnamortizedDiscountPremiumAndDebtIssuanceCostsNet" order="14440.00" priority="2" use="optional" weight="-1.00" />
    <link:calculationArc xlink:type="arc" xlink:arcrole="http://www.xbrl.org/2003/arcrole/summation-item" xlink:from="us-gaap_LongTermDebt" xlink:to="msft_HedgeAccountingFairValueAdjustments" order="14450.00" priority="2" use="optional" weight="1.00" />
  </link:calculationLink>
  <link:roleRef roleURI="http://www.microsoft.com/20200331/taxonomy/role/DisclosureDebtDetail2" xlink:href="msft-20200331.xsd#Role_DisclosureDebtDetail2" xlink:type="simple" />
  <link:calculationLink xlink:type="extended" xlink:role="http://www.microsoft.com/20200331/taxonomy/role/DisclosureDebtDetail2">
    <link:loc xlink:href="http://xbrl.fasb.org/us-gaap/2019/elts/us-gaap-2019-01-31.xsd#us-gaap_LongTermDebtNoncurrent" xlink:type="locator" xlink:label="us-gaap_LongTermDebtNoncurrent" />
    <link:loc xlink:href="http://xbrl.fasb.org/us-gaap/2019/elts/us-gaap-2019-01-31.xsd#us-gaap_LongTermDebtCurrent" xlink:type="locator" xlink:label="us-gaap_LongTermDebtCurrent" />
    <link:loc xlink:href="http://xbrl.fasb.org/us-gaap/2019/elts/us-gaap-2019-01-31.xsd#us-gaap_LongTermDebt" xlink:type="locator" xlink:label="us-gaap_LongTermDebt" />
    <link:calculationArc xlink:type="arc" xlink:arcrole="http://www.xbrl.org/2003/arcrole/summation-item" xlink:from="us-gaap_LongTermDebt" xlink:to="us-gaap_LongTermDebtCurrent" order="10010.00" priority="2" use="optional" weight="1.00" />
    <link:calculationArc xlink:type="arc" xlink:arcrole="http://www.xbrl.org/2003/arcrole/summation-item" xlink:from="us-gaap_LongTermDebt" xlink:to="us-gaap_LongTermDebtNoncurrent" order="10020.00" priority="2" use="optional" weight="1.00" />
  </link:calculationLink>
  <link:roleRef roleURI="http://www.microsoft.com/20200331/taxonomy/role/DisclosureMaturitiesOfLongTermDebtDetail" xlink:href="msft-20200331.xsd#Role_DisclosureMaturitiesOfLongTermDebtDetail" xlink:type="simple" />
  <link:calculationLink xlink:type="extended" xlink:role="http://www.microsoft.com/20200331/taxonomy/role/DisclosureMaturitiesOfLongTermDebtDetail">
    <link:loc xlink:href="http://xbrl.fasb.org/us-gaap/2019/elts/us-gaap-2019-01-31.xsd#us-gaap_LongTermDebtMaturitiesRepaymentsOfPrincipalAfterYearFive" xlink:type="locator" xlink:label="us-gaap_LongTermDebtMaturitiesRepaymentsOfPrincipalAfterYearFive" />
    <link:loc xlink:href="http://xbrl.fasb.org/us-gaap/2019/elts/us-gaap-2019-01-31.xsd#us-gaap_LongTermDebtMaturitiesRepaymentsOfPrincipalInYearFive" xlink:type="locator" xlink:label="us-gaap_LongTermDebtMaturitiesRepaymentsOfPrincipalInYearFive" />
    <link:loc xlink:href="http://xbrl.fasb.org/us-gaap/2019/elts/us-gaap-2019-01-31.xsd#us-gaap_LongTermDebtMaturitiesRepaymentsOfPrincipalInYearFour" xlink:type="locator" xlink:label="us-gaap_LongTermDebtMaturitiesRepaymentsOfPrincipalInYearFour" />
    <link:loc xlink:href="http://xbrl.fasb.org/us-gaap/2019/elts/us-gaap-2019-01-31.xsd#us-gaap_LongTermDebtMaturitiesRepaymentsOfPrincipalInYearThree" xlink:type="locator" xlink:label="us-gaap_LongTermDebtMaturitiesRepaymentsOfPrincipalInYearThree" />
    <link:loc xlink:href="http://xbrl.fasb.org/us-gaap/2019/elts/us-gaap-2019-01-31.xsd#us-gaap_LongTermDebtMaturitiesRepaymentsOfPrincipalInYearTwo" xlink:type="locator" xlink:label="us-gaap_LongTermDebtMaturitiesRepaymentsOfPrincipalInYearTwo" />
    <link:loc xlink:href="http://xbrl.fasb.org/us-gaap/2019/elts/us-gaap-2019-01-31.xsd#us-gaap_DebtInstrumentCarryingAmount" xlink:type="locator" xlink:label="us-gaap_DebtInstrumentCarryingAmount" />
    <link:calculationArc xlink:type="arc" xlink:arcrole="http://www.xbrl.org/2003/arcrole/summation-item" xlink:from="us-gaap_DebtInstrumentCarryingAmount" xlink:to="us-gaap_LongTermDebtMaturitiesRepaymentsOfPrincipalInYearTwo" order="10010.00" priority="2" use="optional" weight="1.00" />
    <link:calculationArc xlink:type="arc" xlink:arcrole="http://www.xbrl.org/2003/arcrole/summation-item" xlink:from="us-gaap_DebtInstrumentCarryingAmount" xlink:to="us-gaap_LongTermDebtMaturitiesRepaymentsOfPrincipalInYearThree" order="10020.00" priority="2" use="optional" weight="1.00" />
    <link:calculationArc xlink:type="arc" xlink:arcrole="http://www.xbrl.org/2003/arcrole/summation-item" xlink:from="us-gaap_DebtInstrumentCarryingAmount" xlink:to="us-gaap_LongTermDebtMaturitiesRepaymentsOfPrincipalInYearFour" order="10030.00" priority="2" use="optional" weight="1.00" />
    <link:calculationArc xlink:type="arc" xlink:arcrole="http://www.xbrl.org/2003/arcrole/summation-item" xlink:from="us-gaap_DebtInstrumentCarryingAmount" xlink:to="us-gaap_LongTermDebtMaturitiesRepaymentsOfPrincipalInYearFive" order="10040.00" priority="2" use="optional" weight="1.00" />
    <link:calculationArc xlink:type="arc" xlink:arcrole="http://www.xbrl.org/2003/arcrole/summation-item" xlink:from="us-gaap_DebtInstrumentCarryingAmount" xlink:to="us-gaap_LongTermDebtMaturitiesRepaymentsOfPrincipalAfterYearFive" order="10050.00" priority="2" use="optional" weight="1.00" />
  </link:calculationLink>
  <link:roleRef roleURI="http://www.microsoft.com/20200331/taxonomy/role/DisclosureComponentsOfLeaseExpenseDetail" xlink:href="msft-20200331.xsd#Role_DisclosureComponentsOfLeaseExpenseDetail" xlink:type="simple" />
  <link:calculationLink xlink:type="extended" xlink:role="http://www.microsoft.com/20200331/taxonomy/role/DisclosureComponentsOfLeaseExpenseDetail">
    <link:loc xlink:href="http://xbrl.fasb.org/us-gaap/2019/elts/us-gaap-2019-01-31.xsd#us-gaap_FinanceLeaseInterestExpense" xlink:type="locator" xlink:label="us-gaap_FinanceLeaseInterestExpense" />
    <link:loc xlink:href="http://xbrl.fasb.org/us-gaap/2019/elts/us-gaap-2019-01-31.xsd#us-gaap_FinanceLeaseRightOfUseAssetAmortization" xlink:type="locator" xlink:label="us-gaap_FinanceLeaseRightOfUseAssetAmortization" />
    <link:loc xlink:href="msft-20200331.xsd#msft_FinanceLeaseCost" xlink:type="locator" xlink:label="msft_FinanceLeaseCost" />
    <link:calculationArc xlink:type="arc" xlink:arcrole="http://www.xbrl.org/2003/arcrole/summation-item" xlink:from="msft_FinanceLeaseCost" xlink:to="us-gaap_FinanceLeaseRightOfUseAssetAmortization" order="10010.00" priority="2" use="optional" weight="1.00" />
    <link:calculationArc xlink:type="arc" xlink:arcrole="http://www.xbrl.org/2003/arcrole/summation-item" xlink:from="msft_FinanceLeaseCost" xlink:to="us-gaap_FinanceLeaseInterestExpense" order="10020.00" priority="2" use="optional" weight="1.00" />
  </link:calculationLink>
  <link:roleRef roleURI="http://www.microsoft.com/20200331/taxonomy/role/DisclosureSupplementalBalanceSheetInformationRelatedToLeasesDetail" xlink:href="msft-20200331.xsd#Role_DisclosureSupplementalBalanceSheetInformationRelatedToLeasesDetail" xlink:type="simple" />
  <link:calculationLink xlink:type="extended" xlink:role="http://www.microsoft.com/20200331/taxonomy/role/DisclosureSupplementalBalanceSheetInformationRelatedToLeasesDetail">
    <link:loc xlink:href="http://xbrl.fasb.org/us-gaap/2019/elts/us-gaap-2019-01-31.xsd#us-gaap_AccumulatedDepreciationDepletionAndAmortizationPropertyPlantAndEquipment" xlink:type="locator" xlink:label="us-gaap_AccumulatedDepreciationDepletionAndAmortizationPropertyPlantAndEquipment" />
    <link:loc xlink:href="http://xbrl.fasb.org/us-gaap/2019/elts/us-gaap-2019-01-31.xsd#us-gaap_PropertyPlantAndEquipmentGross" xlink:type="locator" xlink:label="us-gaap_PropertyPlantAndEquipmentGross" />
    <link:loc xlink:href="http://xbrl.fasb.org/us-gaap/2019/elts/us-gaap-2019-01-31.xsd#us-gaap_PropertyPlantAndEquipmentNet" xlink:type="locator" xlink:label="us-gaap_PropertyPlantAndEquipmentNet" />
    <link:calculationArc xlink:type="arc" xlink:arcrole="http://www.xbrl.org/2003/arcrole/summation-item" xlink:from="us-gaap_PropertyPlantAndEquipmentNet" xlink:to="us-gaap_PropertyPlantAndEquipmentGross" order="10010.00" priority="2" use="optional" weight="1.00" />
    <link:calculationArc xlink:type="arc" xlink:arcrole="http://www.xbrl.org/2003/arcrole/summation-item" xlink:from="us-gaap_PropertyPlantAndEquipmentNet" xlink:to="us-gaap_AccumulatedDepreciationDepletionAndAmortizationPropertyPlantAndEquipment" order="10020.00" priority="2" use="optional" weight="-1.00" />
  </link:calculationLink>
  <link:roleRef roleURI="http://www.microsoft.com/20200331/taxonomy/role/DisclosureMaturitiesOfLeaseLiabilitiesDetail" xlink:href="msft-20200331.xsd#Role_DisclosureMaturitiesOfLeaseLiabilitiesDetail" xlink:type="simple" />
  <link:calculationLink xlink:type="extended" xlink:role="http://www.microsoft.com/20200331/taxonomy/role/DisclosureMaturitiesOfLeaseLiabilitiesDetail">
    <link:loc xlink:href="http://xbrl.fasb.org/us-gaap/2019/elts/us-gaap-2019-01-31.xsd#us-gaap_LesseeOperatingLeaseLiabilityPaymentsDueAfterYearFive" xlink:type="locator" xlink:label="us-gaap_LesseeOperatingLeaseLiabilityPaymentsDueAfterYearFive" />
    <link:loc xlink:href="http://xbrl.fasb.org/us-gaap/2019/elts/us-gaap-2019-01-31.xsd#us-gaap_LesseeOperatingLeaseLiabilityPaymentsDueYearFive" xlink:type="locator" xlink:label="us-gaap_LesseeOperatingLeaseLiabilityPaymentsDueYearFive" />
    <link:loc xlink:href="http://xbrl.fasb.org/us-gaap/2019/elts/us-gaap-2019-01-31.xsd#us-gaap_LesseeOperatingLeaseLiabilityPaymentsDueYearFour" xlink:type="locator" xlink:label="us-gaap_LesseeOperatingLeaseLiabilityPaymentsDueYearFour" />
    <link:loc xlink:href="http://xbrl.fasb.org/us-gaap/2019/elts/us-gaap-2019-01-31.xsd#us-gaap_LesseeOperatingLeaseLiabilityPaymentsDueYearThree" xlink:type="locator" xlink:label="us-gaap_LesseeOperatingLeaseLiabilityPaymentsDueYearThree" />
    <link:loc xlink:href="http://xbrl.fasb.org/us-gaap/2019/elts/us-gaap-2019-01-31.xsd#us-gaap_LesseeOperatingLeaseLiabilityPaymentsDueYearTwo" xlink:type="locator" xlink:label="us-gaap_LesseeOperatingLeaseLiabilityPaymentsDueYearTwo" />
    <link:loc xlink:href="http://xbrl.fasb.org/us-gaap/2019/elts/us-gaap-2019-01-31.xsd#us-gaap_LesseeOperatingLeaseLiabilityPaymentsRemainderOfFiscalYear" xlink:type="locator" xlink:label="us-gaap_LesseeOperatingLeaseLiabilityPaymentsRemainderOfFiscalYear" />
    <link:loc xlink:href="http://xbrl.fasb.org/us-gaap/2019/elts/us-gaap-2019-01-31.xsd#us-gaap_LesseeOperatingLeaseLiabilityPaymentsDue" xlink:type="locator" xlink:label="us-gaap_LesseeOperatingLeaseLiabilityPaymentsDue" />
    <link:loc xlink:href="http://xbrl.fasb.org/us-gaap/2019/elts/us-gaap-2019-01-31.xsd#us-gaap_FinanceLeaseLiabilityPaymentsDueAfterYearFive" xlink:type="locator" xlink:label="us-gaap_FinanceLeaseLiabilityPaymentsDueAfterYearFive" />
    <link:loc xlink:href="http://xbrl.fasb.org/us-gaap/2019/elts/us-gaap-2019-01-31.xsd#us-gaap_FinanceLeaseLiabilityPaymentsDueYearFive" xlink:type="locator" xlink:label="us-gaap_FinanceLeaseLiabilityPaymentsDueYearFive" />
    <link:loc xlink:href="http://xbrl.fasb.org/us-gaap/2019/elts/us-gaap-2019-01-31.xsd#us-gaap_FinanceLeaseLiabilityPaymentsDueYearFour" xlink:type="locator" xlink:label="us-gaap_FinanceLeaseLiabilityPaymentsDueYearFour" />
    <link:loc xlink:href="http://xbrl.fasb.org/us-gaap/2019/elts/us-gaap-2019-01-31.xsd#us-gaap_FinanceLeaseLiabilityPaymentsDueYearThree" xlink:type="locator" xlink:label="us-gaap_FinanceLeaseLiabilityPaymentsDueYearThree" />
    <link:loc xlink:href="http://xbrl.fasb.org/us-gaap/2019/elts/us-gaap-2019-01-31.xsd#us-gaap_FinanceLeaseLiabilityPaymentsDueYearTwo" xlink:type="locator" xlink:label="us-gaap_FinanceLeaseLiabilityPaymentsDueYearTwo" />
    <link:loc xlink:href="http://xbrl.fasb.org/us-gaap/2019/elts/us-gaap-2019-01-31.xsd#us-gaap_FinanceLeaseLiabilityPaymentsRemainderOfFiscalYear" xlink:type="locator" xlink:label="us-gaap_FinanceLeaseLiabilityPaymentsRemainderOfFiscalYear" />
    <link:loc xlink:href="http://xbrl.fasb.org/us-gaap/2019/elts/us-gaap-2019-01-31.xsd#us-gaap_FinanceLeaseLiabilityPaymentsDue" xlink:type="locator" xlink:label="us-gaap_FinanceLeaseLiabilityPaymentsDue" />
    <link:calculationArc xlink:type="arc" xlink:arcrole="http://www.xbrl.org/2003/arcrole/summation-item" xlink:from="us-gaap_FinanceLeaseLiabilityPaymentsDue" xlink:to="us-gaap_FinanceLeaseLiabilityPaymentsRemainderOfFiscalYear" order="10010.00" priority="2" use="optional" weight="1.00" />
    <link:calculationArc xlink:type="arc" xlink:arcrole="http://www.xbrl.org/2003/arcrole/summation-item" xlink:from="us-gaap_FinanceLeaseLiabilityPaymentsDue" xlink:to="us-gaap_FinanceLeaseLiabilityPaymentsDueYearTwo" order="10020.00" priority="2" use="optional" weight="1.00" />
    <link:calculationArc xlink:type="arc" xlink:arcrole="http://www.xbrl.org/2003/arcrole/summation-item" xlink:from="us-gaap_FinanceLeaseLiabilityPaymentsDue" xlink:to="us-gaap_FinanceLeaseLiabilityPaymentsDueYearThree" order="10030.00" priority="2" use="optional" weight="1.00" />
    <link:calculationArc xlink:type="arc" xlink:arcrole="http://www.xbrl.org/2003/arcrole/summation-item" xlink:from="us-gaap_FinanceLeaseLiabilityPaymentsDue" xlink:to="us-gaap_FinanceLeaseLiabilityPaymentsDueYearFour" order="10040.00" priority="2" use="optional" weight="1.00" />
    <link:calculationArc xlink:type="arc" xlink:arcrole="http://www.xbrl.org/2003/arcrole/summation-item" xlink:from="us-gaap_FinanceLeaseLiabilityPaymentsDue" xlink:to="us-gaap_FinanceLeaseLiabilityPaymentsDueYearFive" order="10050.00" priority="2" use="optional" weight="1.00" />
    <link:calculationArc xlink:type="arc" xlink:arcrole="http://www.xbrl.org/2003/arcrole/summation-item" xlink:from="us-gaap_FinanceLeaseLiabilityPaymentsDue" xlink:to="us-gaap_FinanceLeaseLiabilityPaymentsDueAfterYearFive" order="10060.00" priority="2" use="optional" weight="1.00" />
    <link:calculationArc xlink:type="arc" xlink:arcrole="http://www.xbrl.org/2003/arcrole/summation-item" xlink:from="us-gaap_LesseeOperatingLeaseLiabilityPaymentsDue" xlink:to="us-gaap_LesseeOperatingLeaseLiabilityPaymentsRemainderOfFiscalYear" order="10070.00" priority="2" use="optional" weight="1.00" />
    <link:calculationArc xlink:type="arc" xlink:arcrole="http://www.xbrl.org/2003/arcrole/summation-item" xlink:from="us-gaap_LesseeOperatingLeaseLiabilityPaymentsDue" xlink:to="us-gaap_LesseeOperatingLeaseLiabilityPaymentsDueYearTwo" order="10080.00" priority="2" use="optional" weight="1.00" />
    <link:calculationArc xlink:type="arc" xlink:arcrole="http://www.xbrl.org/2003/arcrole/summation-item" xlink:from="us-gaap_LesseeOperatingLeaseLiabilityPaymentsDue" xlink:to="us-gaap_LesseeOperatingLeaseLiabilityPaymentsDueYearThree" order="10090.00" priority="2" use="optional" weight="1.00" />
    <link:calculationArc xlink:type="arc" xlink:arcrole="http://www.xbrl.org/2003/arcrole/summation-item" xlink:from="us-gaap_LesseeOperatingLeaseLiabilityPaymentsDue" xlink:to="us-gaap_LesseeOperatingLeaseLiabilityPaymentsDueYearFour" order="10100.00" priority="2" use="optional" weight="1.00" />
    <link:calculationArc xlink:type="arc" xlink:arcrole="http://www.xbrl.org/2003/arcrole/summation-item" xlink:from="us-gaap_LesseeOperatingLeaseLiabilityPaymentsDue" xlink:to="us-gaap_LesseeOperatingLeaseLiabilityPaymentsDueYearFive" order="10110.00" priority="2" use="optional" weight="1.00" />
    <link:calculationArc xlink:type="arc" xlink:arcrole="http://www.xbrl.org/2003/arcrole/summation-item" xlink:from="us-gaap_LesseeOperatingLeaseLiabilityPaymentsDue" xlink:to="us-gaap_LesseeOperatingLeaseLiabilityPaymentsDueAfterYearFive" order="10120.00" priority="2" use="optional" weight="1.00" />
  </link:calculationLink>
  <link:roleRef roleURI="http://www.microsoft.com/20200331/taxonomy/role/DisclosureMaturitiesOfLeaseLiabilitiesDetail2" xlink:href="msft-20200331.xsd#Role_DisclosureMaturitiesOfLeaseLiabilitiesDetail2" xlink:type="simple" />
  <link:calculationLink xlink:type="extended" xlink:role="http://www.microsoft.com/20200331/taxonomy/role/DisclosureMaturitiesOfLeaseLiabilitiesDetail2">
    <link:loc xlink:href="http://xbrl.fasb.org/us-gaap/2019/elts/us-gaap-2019-01-31.xsd#us-gaap_OperatingLeaseLiability" xlink:type="locator" xlink:label="us-gaap_OperatingLeaseLiability" />
    <link:loc xlink:href="http://xbrl.fasb.org/us-gaap/2019/elts/us-gaap-2019-01-31.xsd#us-gaap_LesseeOperatingLeaseLiabilityUndiscountedExcessAmount" xlink:type="locator" xlink:label="us-gaap_LesseeOperatingLeaseLiabilityUndiscountedExcessAmount" />
    <link:loc xlink:href="http://xbrl.fasb.org/us-gaap/2019/elts/us-gaap-2019-01-31.xsd#us-gaap_LesseeOperatingLeaseLiabilityPaymentsDue" xlink:type="locator" xlink:label="us-gaap_LesseeOperatingLeaseLiabilityPaymentsDue" />
    <link:loc xlink:href="http://xbrl.fasb.org/us-gaap/2019/elts/us-gaap-2019-01-31.xsd#us-gaap_FinanceLeaseLiability" xlink:type="locator" xlink:label="us-gaap_FinanceLeaseLiability" />
    <link:loc xlink:href="http://xbrl.fasb.org/us-gaap/2019/elts/us-gaap-2019-01-31.xsd#us-gaap_FinanceLeaseLiabilityUndiscountedExcessAmount" xlink:type="locator" xlink:label="us-gaap_FinanceLeaseLiabilityUndiscountedExcessAmount" />
    <link:loc xlink:href="http://xbrl.fasb.org/us-gaap/2019/elts/us-gaap-2019-01-31.xsd#us-gaap_FinanceLeaseLiabilityPaymentsDue" xlink:type="locator" xlink:label="us-gaap_FinanceLeaseLiabilityPaymentsDue" />
    <link:calculationArc xlink:type="arc" xlink:arcrole="http://www.xbrl.org/2003/arcrole/summation-item" xlink:from="us-gaap_FinanceLeaseLiabilityPaymentsDue" xlink:to="us-gaap_FinanceLeaseLiabilityUndiscountedExcessAmount" order="10010.00" priority="2" use="optional" weight="1.00" />
    <link:calculationArc xlink:type="arc" xlink:arcrole="http://www.xbrl.org/2003/arcrole/summation-item" xlink:from="us-gaap_FinanceLeaseLiabilityPaymentsDue" xlink:to="us-gaap_FinanceLeaseLiability" order="10020.00" priority="2" use="optional" weight="1.00" />
    <link:calculationArc xlink:type="arc" xlink:arcrole="http://www.xbrl.org/2003/arcrole/summation-item" xlink:from="us-gaap_LesseeOperatingLeaseLiabilityPaymentsDue" xlink:to="us-gaap_LesseeOperatingLeaseLiabilityUndiscountedExcessAmount" order="10030.00" priority="2" use="optional" weight="1.00" />
    <link:calculationArc xlink:type="arc" xlink:arcrole="http://www.xbrl.org/2003/arcrole/summation-item" xlink:from="us-gaap_LesseeOperatingLeaseLiabilityPaymentsDue" xlink:to="us-gaap_OperatingLeaseLiability" order="10040.00" priority="2" use="optional" weight="1.00" />
  </link:calculationLink>
  <link:roleRef roleURI="http://www.microsoft.com/20200331/taxonomy/role/DisclosureSummaryOfChangesInAccumulatedOtherComprehensiveIncomeLossByComponentDetail" xlink:href="msft-20200331.xsd#Role_DisclosureSummaryOfChangesInAccumulatedOtherComprehensiveIncomeLossByComponentDetail" xlink:type="simple" />
  <link:calculationLink xlink:type="extended" xlink:role="http://www.microsoft.com/20200331/taxonomy/role/DisclosureSummaryOfChangesInAccumulatedOtherComprehensiveIncomeLossByComponentDetail">
    <link:loc xlink:href="http://xbrl.fasb.org/us-gaap/2019/elts/us-gaap-2019-01-31.xsd#us-gaap_ReclassificationFromAociCurrentPeriodTax" xlink:type="locator" xlink:label="us-gaap_ReclassificationFromAociCurrentPeriodTax" />
    <link:loc xlink:href="http://xbrl.fasb.org/us-gaap/2019/elts/us-gaap-2019-01-31.xsd#us-gaap_ReclassificationFromAociCurrentPeriodBeforeTaxAttributableToParent" xlink:type="locator" xlink:label="us-gaap_ReclassificationFromAociCurrentPeriodBeforeTaxAttributableToParent" />
    <link:loc xlink:href="http://xbrl.fasb.org/us-gaap/2019/elts/us-gaap-2019-01-31.xsd#us-gaap_ReclassificationFromAociCurrentPeriodNetOfTaxAttributableToParent" xlink:type="locator" xlink:label="us-gaap_ReclassificationFromAociCurrentPeriodNetOfTaxAttributableToParent" />
    <link:loc xlink:href="http://xbrl.fasb.org/us-gaap/2019/elts/us-gaap-2019-01-31.xsd#us-gaap_OciBeforeReclassificationsNetOfTaxAttributableToParent" xlink:type="locator" xlink:label="us-gaap_OciBeforeReclassificationsNetOfTaxAttributableToParent" />
    <link:loc xlink:href="http://xbrl.fasb.org/us-gaap/2019/elts/us-gaap-2019-01-31.xsd#us-gaap_OtherComprehensiveIncomeLossNetOfTaxPortionAttributableToParent" xlink:type="locator" xlink:label="us-gaap_OtherComprehensiveIncomeLossNetOfTaxPortionAttributableToParent" />
    <link:calculationArc xlink:type="arc" xlink:arcrole="http://www.xbrl.org/2003/arcrole/summation-item" xlink:from="us-gaap_OtherComprehensiveIncomeLossNetOfTaxPortionAttributableToParent" xlink:to="us-gaap_OciBeforeReclassificationsNetOfTaxAttributableToParent" order="10010.00" priority="2" use="optional" weight="1.00" />
    <link:calculationArc xlink:type="arc" xlink:arcrole="http://www.xbrl.org/2003/arcrole/summation-item" xlink:from="us-gaap_OtherComprehensiveIncomeLossNetOfTaxPortionAttributableToParent" xlink:to="us-gaap_ReclassificationFromAociCurrentPeriodNetOfTaxAttributableToParent" order="10020.00" priority="2" use="optional" weight="-1.00" />
    <link:calculationArc xlink:type="arc" xlink:arcrole="http://www.xbrl.org/2003/arcrole/summation-item" xlink:from="us-gaap_ReclassificationFromAociCurrentPeriodNetOfTaxAttributableToParent" xlink:to="us-gaap_ReclassificationFromAociCurrentPeriodBeforeTaxAttributableToParent" order="10030.00" priority="2" use="optional" weight="1.00" />
    <link:calculationArc xlink:type="arc" xlink:arcrole="http://www.xbrl.org/2003/arcrole/summation-item" xlink:from="us-gaap_ReclassificationFromAociCurrentPeriodNetOfTaxAttributableToParent" xlink:to="us-gaap_ReclassificationFromAociCurrentPeriodTax" order="10040.00" priority="2" use="optional" weight="-1.00" />
  </link:calculationLink>
</link:linkbase>