<?xml version="1.0" encoding="us-ascii" standalone="yes"?>
<!-- DFIN - https://www.dfinsolutions.com/ -->
<!-- CTU Version: Release 2020-7 Build:20201110.1 -->
<!-- Creation date: 1/26/2021 11:10:54 PM Eastern Time -->
<!-- Copyright (c) 2021 Donnelley Financial Solutions, Inc. All Rights Reserved. -->
<link:linkbase  
    xmlns:link="http://www.xbrl.org/2003/linkbase"
    xmlns:xlink="http://www.w3.org/1999/xlink"
    xmlns:xsi="http://www.w3.org/2001/XMLSchema-instance"
    xmlns:xbrldt="http://xbrl.org/2005/xbrldt"
    xsi:schemaLocation="http://www.xbrl.org/2003/linkbase http://www.xbrl.org/2003/xbrl-linkbase-2003-12-31.xsd">
  <link:roleRef roleURI="http://www.microsoft.com//20210126/taxonomy/role/DocumentDocumentAndEntityInformation" xlink:href="msft-20210126.xsd#Role_DocumentDocumentAndEntityInformation" xlink:type="simple" />
  <link:presentationLink xlink:type="extended" xlink:role="http://www.microsoft.com//20210126/taxonomy/role/DocumentDocumentAndEntityInformation">
    <link:loc xlink:href="https://xbrl.sec.gov/dei/2019/dei-2019-01-31.xsd#dei_CoverAbstract" xlink:type="locator" xlink:label="dei_CoverAbstract" />
    <link:loc xlink:href="msft-20210126.xsd#msft_DocumentAndEntityInformationTable" xlink:type="locator" xlink:label="msft_DocumentAndEntityInformationTable" />
    <link:presentationArc xlink:type="arc" xlink:arcrole="http://www.xbrl.org/2003/arcrole/parent-child" xlink:from="dei_CoverAbstract" xlink:to="msft_DocumentAndEntityInformationTable" order="21" priority="2" use="optional" preferredLabel="http://www.xbrl.org/2003/role/terseLabel" />
    <link:loc xlink:href="msft-20210126.xsd#msft_DocumentAndEntityInformationLineItems" xlink:type="locator" xlink:label="msft_DocumentAndEntityInformationLineItems" />
    <link:presentationArc xlink:type="arc" xlink:arcrole="http://www.xbrl.org/2003/arcrole/parent-child" xlink:from="msft_DocumentAndEntityInformationTable" xlink:to="msft_DocumentAndEntityInformationLineItems" order="22" priority="2" use="optional" preferredLabel="http://www.xbrl.org/2003/role/terseLabel" />
    <link:loc xlink:href="http://xbrl.fasb.org/us-gaap/2019/elts/us-gaap-2019-01-31.xsd#us-gaap_StatementClassOfStockAxis" xlink:type="locator" xlink:label="us-gaap_StatementClassOfStockAxis" />
    <link:presentationArc xlink:type="arc" xlink:arcrole="http://www.xbrl.org/2003/arcrole/parent-child" xlink:from="msft_DocumentAndEntityInformationTable" xlink:to="us-gaap_StatementClassOfStockAxis" order="1" priority="2" use="optional" preferredLabel="http://www.xbrl.org/2003/role/terseLabel" />
    <link:loc xlink:href="http://xbrl.fasb.org/us-gaap/2019/elts/us-gaap-2019-01-31.xsd#us-gaap_ClassOfStockDomain" xlink:type="locator" xlink:label="us-gaap_ClassOfStockDomain" />
    <link:presentationArc xlink:type="arc" xlink:arcrole="http://www.xbrl.org/2003/arcrole/parent-child" xlink:from="us-gaap_StatementClassOfStockAxis" xlink:to="us-gaap_ClassOfStockDomain" order="23" priority="2" use="optional" preferredLabel="http://www.xbrl.org/2003/role/terseLabel" />
    <link:loc xlink:href="http://xbrl.fasb.org/us-gaap/2019/elts/us-gaap-2019-01-31.xsd#us-gaap_CommonStockMember" xlink:type="locator" xlink:label="us-gaap_CommonStockMember" />
    <link:presentationArc xlink:type="arc" xlink:arcrole="http://www.xbrl.org/2003/arcrole/parent-child" xlink:from="us-gaap_ClassOfStockDomain" xlink:to="us-gaap_CommonStockMember" order="24" priority="2" use="optional" preferredLabel="http://www.xbrl.org/2003/role/terseLabel" />
    <link:loc xlink:href="msft-20210126.xsd#msft_M2.125NotesDue20213Member" xlink:type="locator" xlink:label="msft_M2.125NotesDue20213Member" />
    <link:presentationArc xlink:type="arc" xlink:arcrole="http://www.xbrl.org/2003/arcrole/parent-child" xlink:from="us-gaap_ClassOfStockDomain" xlink:to="msft_M2.125NotesDue20213Member" order="25" priority="2" use="optional" preferredLabel="http://www.xbrl.org/2003/role/terseLabel" />
    <link:loc xlink:href="msft-20210126.xsd#msft_M3.125NotesDue20281Member" xlink:type="locator" xlink:label="msft_M3.125NotesDue20281Member" />
    <link:presentationArc xlink:type="arc" xlink:arcrole="http://www.xbrl.org/2003/arcrole/parent-child" xlink:from="us-gaap_ClassOfStockDomain" xlink:to="msft_M3.125NotesDue20281Member" order="26" priority="2" use="optional" preferredLabel="http://www.xbrl.org/2003/role/terseLabel" />
    <link:loc xlink:href="msft-20210126.xsd#msft_M2.625NotesDue20332Member" xlink:type="locator" xlink:label="msft_M2.625NotesDue20332Member" />
    <link:presentationArc xlink:type="arc" xlink:arcrole="http://www.xbrl.org/2003/arcrole/parent-child" xlink:from="us-gaap_ClassOfStockDomain" xlink:to="msft_M2.625NotesDue20332Member" order="27" priority="2" use="optional" preferredLabel="http://www.xbrl.org/2003/role/terseLabel" />
    <link:loc xlink:href="https://xbrl.sec.gov/dei/2019/dei-2019-01-31.xsd#dei_EntityRegistrantName" xlink:type="locator" xlink:label="dei_EntityRegistrantName" />
    <link:presentationArc xlink:type="arc" xlink:arcrole="http://www.xbrl.org/2003/arcrole/parent-child" xlink:from="msft_DocumentAndEntityInformationLineItems" xlink:to="dei_EntityRegistrantName" order="29.001" priority="2" use="optional" preferredLabel="http://www.xbrl.org/2003/role/terseLabel" />
    <link:loc xlink:href="https://xbrl.sec.gov/dei/2019/dei-2019-01-31.xsd#dei_AmendmentFlag" xlink:type="locator" xlink:label="dei_AmendmentFlag" />
    <link:presentationArc xlink:type="arc" xlink:arcrole="http://www.xbrl.org/2003/arcrole/parent-child" xlink:from="msft_DocumentAndEntityInformationLineItems" xlink:to="dei_AmendmentFlag" order="30.001" priority="2" use="optional" preferredLabel="http://www.xbrl.org/2003/role/terseLabel" />
    <link:loc xlink:href="https://xbrl.sec.gov/dei/2019/dei-2019-01-31.xsd#dei_EntityCentralIndexKey" xlink:type="locator" xlink:label="dei_EntityCentralIndexKey" />
    <link:presentationArc xlink:type="arc" xlink:arcrole="http://www.xbrl.org/2003/arcrole/parent-child" xlink:from="msft_DocumentAndEntityInformationLineItems" xlink:to="dei_EntityCentralIndexKey" order="31.001" priority="2" use="optional" preferredLabel="http://www.xbrl.org/2003/role/terseLabel" />
    <link:loc xlink:href="https://xbrl.sec.gov/dei/2019/dei-2019-01-31.xsd#dei_DocumentType" xlink:type="locator" xlink:label="dei_DocumentType" />
    <link:presentationArc xlink:type="arc" xlink:arcrole="http://www.xbrl.org/2003/arcrole/parent-child" xlink:from="msft_DocumentAndEntityInformationLineItems" xlink:to="dei_DocumentType" order="35.001" priority="2" use="optional" preferredLabel="http://www.xbrl.org/2003/role/terseLabel" />
    <link:loc xlink:href="https://xbrl.sec.gov/dei/2019/dei-2019-01-31.xsd#dei_DocumentPeriodEndDate" xlink:type="locator" xlink:label="dei_DocumentPeriodEndDate" />
    <link:presentationArc xlink:type="arc" xlink:arcrole="http://www.xbrl.org/2003/arcrole/parent-child" xlink:from="msft_DocumentAndEntityInformationLineItems" xlink:to="dei_DocumentPeriodEndDate" order="36.001" priority="2" use="optional" preferredLabel="http://www.xbrl.org/2003/role/terseLabel" />
    <link:loc xlink:href="https://xbrl.sec.gov/dei/2019/dei-2019-01-31.xsd#dei_EntityIncorporationStateCountryCode" xlink:type="locator" xlink:label="dei_EntityIncorporationStateCountryCode" />
    <link:presentationArc xlink:type="arc" xlink:arcrole="http://www.xbrl.org/2003/arcrole/parent-child" xlink:from="msft_DocumentAndEntityInformationLineItems" xlink:to="dei_EntityIncorporationStateCountryCode" order="37.001" priority="2" use="optional" preferredLabel="http://www.xbrl.org/2003/role/terseLabel" />
    <link:loc xlink:href="https://xbrl.sec.gov/dei/2019/dei-2019-01-31.xsd#dei_EntityFileNumber" xlink:type="locator" xlink:label="dei_EntityFileNumber" />
    <link:presentationArc xlink:type="arc" xlink:arcrole="http://www.xbrl.org/2003/arcrole/parent-child" xlink:from="msft_DocumentAndEntityInformationLineItems" xlink:to="dei_EntityFileNumber" order="38.001" priority="2" use="optional" preferredLabel="http://www.xbrl.org/2003/role/terseLabel" />
    <link:loc xlink:href="https://xbrl.sec.gov/dei/2019/dei-2019-01-31.xsd#dei_EntityTaxIdentificationNumber" xlink:type="locator" xlink:label="dei_EntityTaxIdentificationNumber" />
    <link:presentationArc xlink:type="arc" xlink:arcrole="http://www.xbrl.org/2003/arcrole/parent-child" xlink:from="msft_DocumentAndEntityInformationLineItems" xlink:to="dei_EntityTaxIdentificationNumber" order="39.001" priority="2" use="optional" preferredLabel="http://www.xbrl.org/2003/role/terseLabel" />
    <link:loc xlink:href="https://xbrl.sec.gov/dei/2019/dei-2019-01-31.xsd#dei_EntityAddressAddressLine1" xlink:type="locator" xlink:label="dei_EntityAddressAddressLine1" />
    <link:presentationArc xlink:type="arc" xlink:arcrole="http://www.xbrl.org/2003/arcrole/parent-child" xlink:from="msft_DocumentAndEntityInformationLineItems" xlink:to="dei_EntityAddressAddressLine1" order="40.001" priority="2" use="optional" preferredLabel="http://www.xbrl.org/2003/role/terseLabel" />
    <link:loc xlink:href="https://xbrl.sec.gov/dei/2019/dei-2019-01-31.xsd#dei_EntityAddressCityOrTown" xlink:type="locator" xlink:label="dei_EntityAddressCityOrTown" />
    <link:presentationArc xlink:type="arc" xlink:arcrole="http://www.xbrl.org/2003/arcrole/parent-child" xlink:from="msft_DocumentAndEntityInformationLineItems" xlink:to="dei_EntityAddressCityOrTown" order="41.001" priority="2" use="optional" preferredLabel="http://www.xbrl.org/2003/role/terseLabel" />
    <link:loc xlink:href="https://xbrl.sec.gov/dei/2019/dei-2019-01-31.xsd#dei_EntityAddressStateOrProvince" xlink:type="locator" xlink:label="dei_EntityAddressStateOrProvince" />
    <link:presentationArc xlink:type="arc" xlink:arcrole="http://www.xbrl.org/2003/arcrole/parent-child" xlink:from="msft_DocumentAndEntityInformationLineItems" xlink:to="dei_EntityAddressStateOrProvince" order="42.001" priority="2" use="optional" preferredLabel="http://www.xbrl.org/2003/role/terseLabel" />
    <link:loc xlink:href="https://xbrl.sec.gov/dei/2019/dei-2019-01-31.xsd#dei_EntityAddressPostalZipCode" xlink:type="locator" xlink:label="dei_EntityAddressPostalZipCode" />
    <link:presentationArc xlink:type="arc" xlink:arcrole="http://www.xbrl.org/2003/arcrole/parent-child" xlink:from="msft_DocumentAndEntityInformationLineItems" xlink:to="dei_EntityAddressPostalZipCode" order="43.001" priority="2" use="optional" preferredLabel="http://www.xbrl.org/2003/role/terseLabel" />
    <link:loc xlink:href="https://xbrl.sec.gov/dei/2019/dei-2019-01-31.xsd#dei_CityAreaCode" xlink:type="locator" xlink:label="dei_CityAreaCode" />
    <link:presentationArc xlink:type="arc" xlink:arcrole="http://www.xbrl.org/2003/arcrole/parent-child" xlink:from="msft_DocumentAndEntityInformationLineItems" xlink:to="dei_CityAreaCode" order="44.001" priority="2" use="optional" preferredLabel="http://www.xbrl.org/2003/role/terseLabel" />
    <link:loc xlink:href="https://xbrl.sec.gov/dei/2019/dei-2019-01-31.xsd#dei_LocalPhoneNumber" xlink:type="locator" xlink:label="dei_LocalPhoneNumber" />
    <link:presentationArc xlink:type="arc" xlink:arcrole="http://www.xbrl.org/2003/arcrole/parent-child" xlink:from="msft_DocumentAndEntityInformationLineItems" xlink:to="dei_LocalPhoneNumber" order="45.001" priority="2" use="optional" preferredLabel="http://www.xbrl.org/2003/role/terseLabel" />
    <link:loc xlink:href="https://xbrl.sec.gov/dei/2019/dei-2019-01-31.xsd#dei_WrittenCommunications" xlink:type="locator" xlink:label="dei_WrittenCommunications" />
    <link:presentationArc xlink:type="arc" xlink:arcrole="http://www.xbrl.org/2003/arcrole/parent-child" xlink:from="msft_DocumentAndEntityInformationLineItems" xlink:to="dei_WrittenCommunications" order="46.001" priority="2" use="optional" preferredLabel="http://www.xbrl.org/2003/role/terseLabel" />
    <link:loc xlink:href="https://xbrl.sec.gov/dei/2019/dei-2019-01-31.xsd#dei_SolicitingMaterial" xlink:type="locator" xlink:label="dei_SolicitingMaterial" />
    <link:presentationArc xlink:type="arc" xlink:arcrole="http://www.xbrl.org/2003/arcrole/parent-child" xlink:from="msft_DocumentAndEntityInformationLineItems" xlink:to="dei_SolicitingMaterial" order="47.001" priority="2" use="optional" preferredLabel="http://www.xbrl.org/2003/role/terseLabel" />
    <link:loc xlink:href="https://xbrl.sec.gov/dei/2019/dei-2019-01-31.xsd#dei_PreCommencementTenderOffer" xlink:type="locator" xlink:label="dei_PreCommencementTenderOffer" />
    <link:presentationArc xlink:type="arc" xlink:arcrole="http://www.xbrl.org/2003/arcrole/parent-child" xlink:from="msft_DocumentAndEntityInformationLineItems" xlink:to="dei_PreCommencementTenderOffer" order="48.001" priority="2" use="optional" preferredLabel="http://www.xbrl.org/2003/role/terseLabel" />
    <link:loc xlink:href="https://xbrl.sec.gov/dei/2019/dei-2019-01-31.xsd#dei_PreCommencementIssuerTenderOffer" xlink:type="locator" xlink:label="dei_PreCommencementIssuerTenderOffer" />
    <link:presentationArc xlink:type="arc" xlink:arcrole="http://www.xbrl.org/2003/arcrole/parent-child" xlink:from="msft_DocumentAndEntityInformationLineItems" xlink:to="dei_PreCommencementIssuerTenderOffer" order="49.001" priority="2" use="optional" preferredLabel="http://www.xbrl.org/2003/role/terseLabel" />
    <link:loc xlink:href="https://xbrl.sec.gov/dei/2019/dei-2019-01-31.xsd#dei_Security12bTitle" xlink:type="locator" xlink:label="dei_Security12bTitle" />
    <link:presentationArc xlink:type="arc" xlink:arcrole="http://www.xbrl.org/2003/arcrole/parent-child" xlink:from="msft_DocumentAndEntityInformationLineItems" xlink:to="dei_Security12bTitle" order="50.001" priority="2" use="optional" preferredLabel="http://www.xbrl.org/2003/role/terseLabel" />
    <link:loc xlink:href="https://xbrl.sec.gov/dei/2019/dei-2019-01-31.xsd#dei_TradingSymbol" xlink:type="locator" xlink:label="dei_TradingSymbol" />
    <link:presentationArc xlink:type="arc" xlink:arcrole="http://www.xbrl.org/2003/arcrole/parent-child" xlink:from="msft_DocumentAndEntityInformationLineItems" xlink:to="dei_TradingSymbol" order="51.001" priority="2" use="optional" preferredLabel="http://www.xbrl.org/2003/role/terseLabel" />
    <link:loc xlink:href="https://xbrl.sec.gov/dei/2019/dei-2019-01-31.xsd#dei_SecurityExchangeName" xlink:type="locator" xlink:label="dei_SecurityExchangeName" />
    <link:presentationArc xlink:type="arc" xlink:arcrole="http://www.xbrl.org/2003/arcrole/parent-child" xlink:from="msft_DocumentAndEntityInformationLineItems" xlink:to="dei_SecurityExchangeName" order="52.001" priority="2" use="optional" preferredLabel="http://www.xbrl.org/2003/role/terseLabel" />
    <link:loc xlink:href="https://xbrl.sec.gov/dei/2019/dei-2019-01-31.xsd#dei_EntityEmergingGrowthCompany" xlink:type="locator" xlink:label="dei_EntityEmergingGrowthCompany" />
    <link:presentationArc xlink:type="arc" xlink:arcrole="http://www.xbrl.org/2003/arcrole/parent-child" xlink:from="msft_DocumentAndEntityInformationLineItems" xlink:to="dei_EntityEmergingGrowthCompany" order="53.001" priority="2" use="optional" preferredLabel="http://www.xbrl.org/2003/role/terseLabel" />
  </link:presentationLink>
</link:linkbase>
