<?xml version="1.0" encoding="US-ASCII"?>
<!-- DFIN New ActiveDisclosure (SM) XBRL Linkbase Document - http://www.dfinsolutions.com/ -->
<!-- Creation Date :2023-07-25T15:29:02.1391+00:00 -->
<!-- Copyright (c) 2023 Donnelly Financial Solutions, Inc. All Rights Reserved. -->
<link:linkbase xsi:schemaLocation="http://www.xbrl.org/2003/linkbase http://www.xbrl.org/2003/xbrl-linkbase-2003-12-31.xsd" xmlns:link="http://www.xbrl.org/2003/linkbase" xmlns:xlink="http://www.w3.org/1999/xlink" xmlns:xsi="http://www.w3.org/2001/XMLSchema-instance">
  <link:roleRef roleURI="http://www.microsoft.com/20230725/taxonomy/role/Role_DocumentDocumentAndEntityInformation" xlink:href="msft-20230725.xsd#Role_DocumentDocumentAndEntityInformation" xlink:type="simple"/>
  <link:presentationLink xlink:role="http://www.microsoft.com/20230725/taxonomy/role/Role_DocumentDocumentAndEntityInformation" xlink:title="presentationLink" xlink:type="extended">
    <link:loc xlink:type="locator" xlink:href="https://xbrl.fasb.org/us-gaap/2022/elts/us-gaap-2022.xsd#us-gaap_ClassOfStockDomain" xlink:label="us-gaap_ClassOfStockDomain"/>
    <link:loc xlink:type="locator" xlink:href="https://xbrl.fasb.org/us-gaap/2022/elts/us-gaap-2022.xsd#us-gaap_CommonStockMember" xlink:label="us-gaap_CommonStockMember"/>
    <link:loc xlink:type="locator" xlink:href="https://xbrl.fasb.org/us-gaap/2022/elts/us-gaap-2022.xsd#us-gaap_StatementClassOfStockAxis" xlink:label="us-gaap_StatementClassOfStockAxis"/>
    <link:loc xlink:type="locator" xlink:href="https://xbrl.sec.gov/dei/2022/dei-2022.xsd#dei_EntityInformationLineItems" xlink:label="dei_EntityInformationLineItems"/>
    <link:loc xlink:type="locator" xlink:href="https://xbrl.sec.gov/dei/2022/dei-2022.xsd#dei_DocumentType" xlink:label="dei_DocumentType"/>
    <link:loc xlink:type="locator" xlink:href="https://xbrl.sec.gov/dei/2022/dei-2022.xsd#dei_EntitiesTable" xlink:label="dei_EntitiesTable"/>
    <link:loc xlink:type="locator" xlink:href="msft-20230725.xsd#msft_NotesThreePointOneTwoFivePercentDueDecemberSixTwentyTwentyEightMember" xlink:label="msft_NotesThreePointOneTwoFivePercentDueDecemberSixTwentyTwentyEightMember"/>
    <link:loc xlink:type="locator" xlink:href="https://xbrl.sec.gov/dei/2022/dei-2022.xsd#dei_DocumentPeriodEndDate" xlink:label="dei_DocumentPeriodEndDate"/>
    <link:loc xlink:type="locator" xlink:href="msft-20230725.xsd#msft_NotesTwoPointSixTwoFivePercentDueMayTwoTwentyThirtyThreeMember" xlink:label="msft_NotesTwoPointSixTwoFivePercentDueMayTwoTwentyThirtyThreeMember"/>
    <link:loc xlink:type="locator" xlink:href="https://xbrl.sec.gov/dei/2022/dei-2022.xsd#dei_EntityRegistrantName" xlink:label="dei_EntityRegistrantName"/>
    <link:loc xlink:type="locator" xlink:href="https://xbrl.sec.gov/dei/2022/dei-2022.xsd#dei_EntityIncorporationStateCountryCode" xlink:label="dei_EntityIncorporationStateCountryCode"/>
    <link:loc xlink:type="locator" xlink:href="https://xbrl.sec.gov/dei/2022/dei-2022.xsd#dei_EntityFileNumber" xlink:label="dei_EntityFileNumber"/>
    <link:loc xlink:type="locator" xlink:href="https://xbrl.sec.gov/dei/2022/dei-2022.xsd#dei_EntityTaxIdentificationNumber" xlink:label="dei_EntityTaxIdentificationNumber"/>
    <link:loc xlink:type="locator" xlink:href="https://xbrl.sec.gov/dei/2022/dei-2022.xsd#dei_EntityAddressAddressLine1" xlink:label="dei_EntityAddressAddressLine1"/>
    <link:loc xlink:type="locator" xlink:href="https://xbrl.sec.gov/dei/2022/dei-2022.xsd#dei_EntityAddressCityOrTown" xlink:label="dei_EntityAddressCityOrTown"/>
    <link:loc xlink:type="locator" xlink:href="https://xbrl.sec.gov/dei/2022/dei-2022.xsd#dei_EntityAddressStateOrProvince" xlink:label="dei_EntityAddressStateOrProvince"/>
    <link:loc xlink:type="locator" xlink:href="https://xbrl.sec.gov/dei/2022/dei-2022.xsd#dei_EntityAddressPostalZipCode" xlink:label="dei_EntityAddressPostalZipCode"/>
    <link:loc xlink:type="locator" xlink:href="https://xbrl.sec.gov/dei/2022/dei-2022.xsd#dei_CityAreaCode" xlink:label="dei_CityAreaCode"/>
    <link:loc xlink:type="locator" xlink:href="https://xbrl.sec.gov/dei/2022/dei-2022.xsd#dei_LocalPhoneNumber" xlink:label="dei_LocalPhoneNumber"/>
    <link:loc xlink:type="locator" xlink:href="https://xbrl.sec.gov/dei/2022/dei-2022.xsd#dei_WrittenCommunications" xlink:label="dei_WrittenCommunications"/>
    <link:loc xlink:type="locator" xlink:href="https://xbrl.sec.gov/dei/2022/dei-2022.xsd#dei_SolicitingMaterial" xlink:label="dei_SolicitingMaterial"/>
    <link:loc xlink:type="locator" xlink:href="https://xbrl.sec.gov/dei/2022/dei-2022.xsd#dei_PreCommencementTenderOffer" xlink:label="dei_PreCommencementTenderOffer"/>
    <link:loc xlink:type="locator" xlink:href="https://xbrl.sec.gov/dei/2022/dei-2022.xsd#dei_PreCommencementIssuerTenderOffer" xlink:label="dei_PreCommencementIssuerTenderOffer"/>
    <link:loc xlink:type="locator" xlink:href="https://xbrl.sec.gov/dei/2022/dei-2022.xsd#dei_Security12bTitle" xlink:label="dei_Security12bTitle"/>
    <link:loc xlink:type="locator" xlink:href="https://xbrl.sec.gov/dei/2022/dei-2022.xsd#dei_TradingSymbol" xlink:label="dei_TradingSymbol"/>
    <link:loc xlink:type="locator" xlink:href="https://xbrl.sec.gov/dei/2022/dei-2022.xsd#dei_SecurityExchangeName" xlink:label="dei_SecurityExchangeName"/>
    <link:loc xlink:type="locator" xlink:href="https://xbrl.sec.gov/dei/2022/dei-2022.xsd#dei_EntityEmergingGrowthCompany" xlink:label="dei_EntityEmergingGrowthCompany"/>
    <link:loc xlink:type="locator" xlink:href="https://xbrl.sec.gov/dei/2022/dei-2022.xsd#dei_AmendmentFlag" xlink:label="dei_AmendmentFlag"/>
    <link:loc xlink:type="locator" xlink:href="https://xbrl.sec.gov/dei/2022/dei-2022.xsd#dei_EntityCentralIndexKey" xlink:label="dei_EntityCentralIndexKey"/>
    <link:loc xlink:type="locator" xlink:href="https://xbrl.sec.gov/dei/2022/dei-2022.xsd#dei_CoverAbstract" xlink:label="dei_CoverAbstract"/>
    <link:presentationArc xlink:type="arc" xlink:arcrole="http://www.xbrl.org/2003/arcrole/parent-child" xlink:from="us-gaap_ClassOfStockDomain" xlink:to="us-gaap_CommonStockMember" order="0" priority="2" use="optional" preferredLabel="http://www.xbrl.org/2003/role/terseLabel"/>
    <link:presentationArc xlink:type="arc" xlink:arcrole="http://www.xbrl.org/2003/arcrole/parent-child" xlink:from="us-gaap_StatementClassOfStockAxis" xlink:to="us-gaap_ClassOfStockDomain" order="0" priority="2" use="optional" preferredLabel="http://www.xbrl.org/2003/role/terseLabel"/>
    <link:presentationArc xlink:type="arc" xlink:arcrole="http://www.xbrl.org/2003/arcrole/parent-child" xlink:from="dei_EntityInformationLineItems" xlink:to="dei_DocumentType" order="0" priority="2" use="optional" preferredLabel="http://www.xbrl.org/2003/role/terseLabel"/>
    <link:presentationArc xlink:type="arc" xlink:arcrole="http://www.xbrl.org/2003/arcrole/parent-child" xlink:from="dei_EntitiesTable" xlink:to="us-gaap_StatementClassOfStockAxis" order="0" priority="2" use="optional" preferredLabel="http://www.xbrl.org/2003/role/terseLabel"/>
    <link:presentationArc xlink:type="arc" xlink:arcrole="http://www.xbrl.org/2003/arcrole/parent-child" xlink:from="us-gaap_ClassOfStockDomain" xlink:to="msft_NotesThreePointOneTwoFivePercentDueDecemberSixTwentyTwentyEightMember" order="1" priority="2" use="optional" preferredLabel="http://www.xbrl.org/2003/role/terseLabel"/>
    <link:presentationArc xlink:type="arc" xlink:arcrole="http://www.xbrl.org/2003/arcrole/parent-child" xlink:from="dei_EntityInformationLineItems" xlink:to="dei_DocumentPeriodEndDate" order="1" priority="2" use="optional" preferredLabel="http://www.xbrl.org/2003/role/terseLabel"/>
    <link:presentationArc xlink:type="arc" xlink:arcrole="http://www.xbrl.org/2003/arcrole/parent-child" xlink:from="dei_EntitiesTable" xlink:to="dei_EntityInformationLineItems" order="1" priority="2" use="optional" preferredLabel="http://www.xbrl.org/2003/role/terseLabel"/>
    <link:presentationArc xlink:type="arc" xlink:arcrole="http://www.xbrl.org/2003/arcrole/parent-child" xlink:from="us-gaap_ClassOfStockDomain" xlink:to="msft_NotesTwoPointSixTwoFivePercentDueMayTwoTwentyThirtyThreeMember" order="2" priority="2" use="optional" preferredLabel="http://www.xbrl.org/2003/role/terseLabel"/>
    <link:presentationArc xlink:type="arc" xlink:arcrole="http://www.xbrl.org/2003/arcrole/parent-child" xlink:from="dei_EntityInformationLineItems" xlink:to="dei_EntityRegistrantName" order="2" priority="2" use="optional" preferredLabel="http://www.xbrl.org/2003/role/terseLabel"/>
    <link:presentationArc xlink:type="arc" xlink:arcrole="http://www.xbrl.org/2003/arcrole/parent-child" xlink:from="dei_EntityInformationLineItems" xlink:to="dei_EntityIncorporationStateCountryCode" order="3" priority="2" use="optional" preferredLabel="http://www.xbrl.org/2003/role/terseLabel"/>
    <link:presentationArc xlink:type="arc" xlink:arcrole="http://www.xbrl.org/2003/arcrole/parent-child" xlink:from="dei_EntityInformationLineItems" xlink:to="dei_EntityFileNumber" order="4" priority="2" use="optional" preferredLabel="http://www.xbrl.org/2003/role/terseLabel"/>
    <link:presentationArc xlink:type="arc" xlink:arcrole="http://www.xbrl.org/2003/arcrole/parent-child" xlink:from="dei_EntityInformationLineItems" xlink:to="dei_EntityTaxIdentificationNumber" order="5" priority="2" use="optional" preferredLabel="http://www.xbrl.org/2003/role/terseLabel"/>
    <link:presentationArc xlink:type="arc" xlink:arcrole="http://www.xbrl.org/2003/arcrole/parent-child" xlink:from="dei_EntityInformationLineItems" xlink:to="dei_EntityAddressAddressLine1" order="6" priority="2" use="optional" preferredLabel="http://www.xbrl.org/2003/role/terseLabel"/>
    <link:presentationArc xlink:type="arc" xlink:arcrole="http://www.xbrl.org/2003/arcrole/parent-child" xlink:from="dei_EntityInformationLineItems" xlink:to="dei_EntityAddressCityOrTown" order="7" priority="2" use="optional" preferredLabel="http://www.xbrl.org/2003/role/terseLabel"/>
    <link:presentationArc xlink:type="arc" xlink:arcrole="http://www.xbrl.org/2003/arcrole/parent-child" xlink:from="dei_EntityInformationLineItems" xlink:to="dei_EntityAddressStateOrProvince" order="8" priority="2" use="optional" preferredLabel="http://www.xbrl.org/2003/role/terseLabel"/>
    <link:presentationArc xlink:type="arc" xlink:arcrole="http://www.xbrl.org/2003/arcrole/parent-child" xlink:from="dei_EntityInformationLineItems" xlink:to="dei_EntityAddressPostalZipCode" order="9" priority="2" use="optional" preferredLabel="http://www.xbrl.org/2003/role/terseLabel"/>
    <link:presentationArc xlink:type="arc" xlink:arcrole="http://www.xbrl.org/2003/arcrole/parent-child" xlink:from="dei_EntityInformationLineItems" xlink:to="dei_CityAreaCode" order="10" priority="2" use="optional" preferredLabel="http://www.xbrl.org/2003/role/terseLabel"/>
    <link:presentationArc xlink:type="arc" xlink:arcrole="http://www.xbrl.org/2003/arcrole/parent-child" xlink:from="dei_EntityInformationLineItems" xlink:to="dei_LocalPhoneNumber" order="11" priority="2" use="optional" preferredLabel="http://www.xbrl.org/2003/role/terseLabel"/>
    <link:presentationArc xlink:type="arc" xlink:arcrole="http://www.xbrl.org/2003/arcrole/parent-child" xlink:from="dei_EntityInformationLineItems" xlink:to="dei_WrittenCommunications" order="12" priority="2" use="optional" preferredLabel="http://www.xbrl.org/2003/role/terseLabel"/>
    <link:presentationArc xlink:type="arc" xlink:arcrole="http://www.xbrl.org/2003/arcrole/parent-child" xlink:from="dei_EntityInformationLineItems" xlink:to="dei_SolicitingMaterial" order="13" priority="2" use="optional" preferredLabel="http://www.xbrl.org/2003/role/terseLabel"/>
    <link:presentationArc xlink:type="arc" xlink:arcrole="http://www.xbrl.org/2003/arcrole/parent-child" xlink:from="dei_EntityInformationLineItems" xlink:to="dei_PreCommencementTenderOffer" order="14" priority="2" use="optional" preferredLabel="http://www.xbrl.org/2003/role/terseLabel"/>
    <link:presentationArc xlink:type="arc" xlink:arcrole="http://www.xbrl.org/2003/arcrole/parent-child" xlink:from="dei_EntityInformationLineItems" xlink:to="dei_PreCommencementIssuerTenderOffer" order="15" priority="2" use="optional" preferredLabel="http://www.xbrl.org/2003/role/terseLabel"/>
    <link:presentationArc xlink:type="arc" xlink:arcrole="http://www.xbrl.org/2003/arcrole/parent-child" xlink:from="dei_EntityInformationLineItems" xlink:to="dei_Security12bTitle" order="16" priority="2" use="optional" preferredLabel="http://www.xbrl.org/2003/role/terseLabel"/>
    <link:presentationArc xlink:type="arc" xlink:arcrole="http://www.xbrl.org/2003/arcrole/parent-child" xlink:from="dei_EntityInformationLineItems" xlink:to="dei_TradingSymbol" order="17" priority="2" use="optional" preferredLabel="http://www.xbrl.org/2003/role/terseLabel"/>
    <link:presentationArc xlink:type="arc" xlink:arcrole="http://www.xbrl.org/2003/arcrole/parent-child" xlink:from="dei_EntityInformationLineItems" xlink:to="dei_SecurityExchangeName" order="18" priority="2" use="optional" preferredLabel="http://www.xbrl.org/2003/role/terseLabel"/>
    <link:presentationArc xlink:type="arc" xlink:arcrole="http://www.xbrl.org/2003/arcrole/parent-child" xlink:from="dei_EntityInformationLineItems" xlink:to="dei_EntityEmergingGrowthCompany" order="19" priority="2" use="optional" preferredLabel="http://www.xbrl.org/2003/role/terseLabel"/>
    <link:presentationArc xlink:type="arc" xlink:arcrole="http://www.xbrl.org/2003/arcrole/parent-child" xlink:from="dei_EntityInformationLineItems" xlink:to="dei_AmendmentFlag" order="20" priority="2" use="optional" preferredLabel="http://www.xbrl.org/2003/role/terseLabel"/>
    <link:presentationArc xlink:type="arc" xlink:arcrole="http://www.xbrl.org/2003/arcrole/parent-child" xlink:from="dei_EntityInformationLineItems" xlink:to="dei_EntityCentralIndexKey" order="21" priority="2" use="optional" preferredLabel="http://www.xbrl.org/2003/role/terseLabel"/>
    <link:presentationArc xlink:type="arc" xlink:arcrole="http://www.xbrl.org/2003/arcrole/parent-child" xlink:from="dei_CoverAbstract" xlink:to="dei_EntitiesTable" order="49.0" priority="2" use="optional" preferredLabel="http://www.xbrl.org/2003/role/terseLabel"/>
  </link:presentationLink>
</link:linkbase>