<?xml version="1.0" encoding="us-ascii" standalone="yes"?>
<!-- DFIN - https://www.dfinsolutions.com/ -->
<!-- CTU Version: 71.2.1 -->
<!-- Creation date: 7/3/2023 9:05:39 AM Eastern Time -->
<!-- Copyright (c) 2023 Donnelley Financial Solutions, Inc. All Rights Reserved. -->
<link:linkbase  
  xmlns:link="http://www.xbrl.org/2003/linkbase"
  xmlns:xlink="http://www.w3.org/1999/xlink"
  xmlns:xsi="http://www.w3.org/2001/XMLSchema-instance"
  xsi:schemaLocation="http://www.xbrl.org/2003/linkbase http://www.xbrl.org/2003/xbrl-linkbase-2003-12-31.xsd">
  <link:labelLink xlink:role="http://www.xbrl.org/2003/role/link" xlink:type="extended">
    <link:loc xlink:href="https://xbrl.sec.gov/dei/2022/dei-2022.xsd#dei_CoverAbstract" xlink:type="locator" xlink:label="dei_CoverAbstract" />
    <link:labelArc xlink:type="arc" xlink:arcrole="http://www.xbrl.org/2003/arcrole/concept-label" xlink:from="dei_CoverAbstract" xlink:to="dei_CoverAbstract_lbl" />
    <link:label xml:lang="en-US" xlink:label="dei_CoverAbstract_lbl" xlink:type="resource" xlink:role="http://www.xbrl.org/2003/role/label">Cover [Abstract]</link:label>
    <link:label xml:lang="en-US" xlink:label="dei_CoverAbstract_lbl" xlink:type="resource" xlink:role="http://www.xbrl.org/2003/role/terseLabel">Cover [Abstract]</link:label>
    <link:loc xlink:href="https://xbrl.sec.gov/dei/2022/dei-2022.xsd#dei_DocumentType" xlink:type="locator" xlink:label="dei_DocumentType" />
    <link:labelArc xlink:type="arc" xlink:arcrole="http://www.xbrl.org/2003/arcrole/concept-label" xlink:from="dei_DocumentType" xlink:to="dei_DocumentType_lbl" />
    <link:label xml:lang="en-US" xlink:label="dei_DocumentType_lbl" xlink:type="resource" xlink:role="http://www.xbrl.org/2003/role/label">Document Type</link:label>
    <link:label xml:lang="en-US" xlink:label="dei_DocumentType_lbl" xlink:type="resource" xlink:role="http://www.xbrl.org/2003/role/terseLabel">Document Type</link:label>
    <link:loc xlink:href="https://xbrl.sec.gov/dei/2022/dei-2022.xsd#dei_DocumentPeriodEndDate" xlink:type="locator" xlink:label="dei_DocumentPeriodEndDate" />
    <link:labelArc xlink:type="arc" xlink:arcrole="http://www.xbrl.org/2003/arcrole/concept-label" xlink:from="dei_DocumentPeriodEndDate" xlink:to="dei_DocumentPeriodEndDate_lbl" />
    <link:label xml:lang="en-US" xlink:label="dei_DocumentPeriodEndDate_lbl" xlink:type="resource" xlink:role="http://www.xbrl.org/2003/role/label">Document Period End Date</link:label>
    <link:label xml:lang="en-US" xlink:label="dei_DocumentPeriodEndDate_lbl" xlink:type="resource" xlink:role="http://www.xbrl.org/2003/role/terseLabel">Document Period End Date</link:label>
    <link:loc xlink:href="https://xbrl.sec.gov/dei/2022/dei-2022.xsd#dei_EntityRegistrantName" xlink:type="locator" xlink:label="dei_EntityRegistrantName" />
    <link:labelArc xlink:type="arc" xlink:arcrole="http://www.xbrl.org/2003/arcrole/concept-label" xlink:from="dei_EntityRegistrantName" xlink:to="dei_EntityRegistrantName_lbl" />
    <link:label xml:lang="en-US" xlink:label="dei_EntityRegistrantName_lbl" xlink:type="resource" xlink:role="http://www.xbrl.org/2003/role/label">Entity Registrant Name</link:label>
    <link:label xml:lang="en-US" xlink:label="dei_EntityRegistrantName_lbl" xlink:type="resource" xlink:role="http://www.xbrl.org/2003/role/terseLabel">Entity Registrant Name</link:label>
    <link:loc xlink:href="https://xbrl.sec.gov/dei/2022/dei-2022.xsd#dei_EntityIncorporationStateCountryCode" xlink:type="locator" xlink:label="dei_EntityIncorporationStateCountryCode" />
    <link:labelArc xlink:type="arc" xlink:arcrole="http://www.xbrl.org/2003/arcrole/concept-label" xlink:from="dei_EntityIncorporationStateCountryCode" xlink:to="dei_EntityIncorporationStateCountryCode_lbl" />
    <link:label xml:lang="en-US" xlink:label="dei_EntityIncorporationStateCountryCode_lbl" xlink:type="resource" xlink:role="http://www.xbrl.org/2003/role/label">Entity Incorporation State Country Code</link:label>
    <link:label xml:lang="en-US" xlink:label="dei_EntityIncorporationStateCountryCode_lbl" xlink:type="resource" xlink:role="http://www.xbrl.org/2003/role/terseLabel">Entity Incorporation, State or Country Code</link:label>
    <link:loc xlink:href="https://xbrl.sec.gov/dei/2022/dei-2022.xsd#dei_EntityFileNumber" xlink:type="locator" xlink:label="dei_EntityFileNumber" />
    <link:labelArc xlink:type="arc" xlink:arcrole="http://www.xbrl.org/2003/arcrole/concept-label" xlink:from="dei_EntityFileNumber" xlink:to="dei_EntityFileNumber_lbl" />
    <link:label xml:lang="en-US" xlink:label="dei_EntityFileNumber_lbl" xlink:type="resource" xlink:role="http://www.xbrl.org/2003/role/label">Entity File Number</link:label>
    <link:label xml:lang="en-US" xlink:label="dei_EntityFileNumber_lbl" xlink:type="resource" xlink:role="http://www.xbrl.org/2003/role/terseLabel">Entity File Number</link:label>
    <link:loc xlink:href="https://xbrl.sec.gov/dei/2022/dei-2022.xsd#dei_EntityTaxIdentificationNumber" xlink:type="locator" xlink:label="dei_EntityTaxIdentificationNumber" />
    <link:labelArc xlink:type="arc" xlink:arcrole="http://www.xbrl.org/2003/arcrole/concept-label" xlink:from="dei_EntityTaxIdentificationNumber" xlink:to="dei_EntityTaxIdentificationNumber_lbl" />
    <link:label xml:lang="en-US" xlink:label="dei_EntityTaxIdentificationNumber_lbl" xlink:type="resource" xlink:role="http://www.xbrl.org/2003/role/label">Entity Tax Identification Number</link:label>
    <link:label xml:lang="en-US" xlink:label="dei_EntityTaxIdentificationNumber_lbl" xlink:type="resource" xlink:role="http://www.xbrl.org/2003/role/terseLabel">Entity Tax Identification Number</link:label>
    <link:loc xlink:href="https://xbrl.sec.gov/dei/2022/dei-2022.xsd#dei_EntityAddressAddressLine1" xlink:type="locator" xlink:label="dei_EntityAddressAddressLine1" />
    <link:labelArc xlink:type="arc" xlink:arcrole="http://www.xbrl.org/2003/arcrole/concept-label" xlink:from="dei_EntityAddressAddressLine1" xlink:to="dei_EntityAddressAddressLine1_lbl" />
    <link:label xml:lang="en-US" xlink:label="dei_EntityAddressAddressLine1_lbl" xlink:type="resource" xlink:role="http://www.xbrl.org/2003/role/label">Entity Address Address Line1</link:label>
    <link:label xml:lang="en-US" xlink:label="dei_EntityAddressAddressLine1_lbl" xlink:type="resource" xlink:role="http://www.xbrl.org/2003/role/terseLabel">Entity Address, Address Line One</link:label>
    <link:loc xlink:href="https://xbrl.sec.gov/dei/2022/dei-2022.xsd#dei_EntityAddressCityOrTown" xlink:type="locator" xlink:label="dei_EntityAddressCityOrTown" />
    <link:labelArc xlink:type="arc" xlink:arcrole="http://www.xbrl.org/2003/arcrole/concept-label" xlink:from="dei_EntityAddressCityOrTown" xlink:to="dei_EntityAddressCityOrTown_lbl" />
    <link:label xml:lang="en-US" xlink:label="dei_EntityAddressCityOrTown_lbl" xlink:type="resource" xlink:role="http://www.xbrl.org/2003/role/label">Entity Address City Or Town</link:label>
    <link:label xml:lang="en-US" xlink:label="dei_EntityAddressCityOrTown_lbl" xlink:type="resource" xlink:role="http://www.xbrl.org/2003/role/terseLabel">Entity Address, City or Town</link:label>
    <link:loc xlink:href="https://xbrl.sec.gov/dei/2022/dei-2022.xsd#dei_EntityAddressStateOrProvince" xlink:type="locator" xlink:label="dei_EntityAddressStateOrProvince" />
    <link:labelArc xlink:type="arc" xlink:arcrole="http://www.xbrl.org/2003/arcrole/concept-label" xlink:from="dei_EntityAddressStateOrProvince" xlink:to="dei_EntityAddressStateOrProvince_lbl" />
    <link:label xml:lang="en-US" xlink:label="dei_EntityAddressStateOrProvince_lbl" xlink:type="resource" xlink:role="http://www.xbrl.org/2003/role/label">Entity Address State Or Province</link:label>
    <link:label xml:lang="en-US" xlink:label="dei_EntityAddressStateOrProvince_lbl" xlink:type="resource" xlink:role="http://www.xbrl.org/2003/role/terseLabel">Entity Address, State or Province</link:label>
    <link:loc xlink:href="https://xbrl.sec.gov/dei/2022/dei-2022.xsd#dei_EntityAddressPostalZipCode" xlink:type="locator" xlink:label="dei_EntityAddressPostalZipCode" />
    <link:labelArc xlink:type="arc" xlink:arcrole="http://www.xbrl.org/2003/arcrole/concept-label" xlink:from="dei_EntityAddressPostalZipCode" xlink:to="dei_EntityAddressPostalZipCode_lbl" />
    <link:label xml:lang="en-US" xlink:label="dei_EntityAddressPostalZipCode_lbl" xlink:type="resource" xlink:role="http://www.xbrl.org/2003/role/label">Entity Address Postal Zip Code</link:label>
    <link:label xml:lang="en-US" xlink:label="dei_EntityAddressPostalZipCode_lbl" xlink:type="resource" xlink:role="http://www.xbrl.org/2003/role/terseLabel">Entity Address, Postal Zip Code</link:label>
    <link:loc xlink:href="https://xbrl.sec.gov/dei/2022/dei-2022.xsd#dei_CityAreaCode" xlink:type="locator" xlink:label="dei_CityAreaCode" />
    <link:labelArc xlink:type="arc" xlink:arcrole="http://www.xbrl.org/2003/arcrole/concept-label" xlink:from="dei_CityAreaCode" xlink:to="dei_CityAreaCode_lbl" />
    <link:label xml:lang="en-US" xlink:label="dei_CityAreaCode_lbl" xlink:type="resource" xlink:role="http://www.xbrl.org/2003/role/label">City Area Code</link:label>
    <link:label xml:lang="en-US" xlink:label="dei_CityAreaCode_lbl" xlink:type="resource" xlink:role="http://www.xbrl.org/2003/role/terseLabel">City Area Code</link:label>
    <link:loc xlink:href="https://xbrl.sec.gov/dei/2022/dei-2022.xsd#dei_LocalPhoneNumber" xlink:type="locator" xlink:label="dei_LocalPhoneNumber" />
    <link:labelArc xlink:type="arc" xlink:arcrole="http://www.xbrl.org/2003/arcrole/concept-label" xlink:from="dei_LocalPhoneNumber" xlink:to="dei_LocalPhoneNumber_lbl" />
    <link:label xml:lang="en-US" xlink:label="dei_LocalPhoneNumber_lbl" xlink:type="resource" xlink:role="http://www.xbrl.org/2003/role/label">Local Phone Number</link:label>
    <link:label xml:lang="en-US" xlink:label="dei_LocalPhoneNumber_lbl" xlink:type="resource" xlink:role="http://www.xbrl.org/2003/role/terseLabel">Local Phone Number</link:label>
    <link:loc xlink:href="https://xbrl.sec.gov/dei/2022/dei-2022.xsd#dei_WrittenCommunications" xlink:type="locator" xlink:label="dei_WrittenCommunications" />
    <link:labelArc xlink:type="arc" xlink:arcrole="http://www.xbrl.org/2003/arcrole/concept-label" xlink:from="dei_WrittenCommunications" xlink:to="dei_WrittenCommunications_lbl" />
    <link:label xml:lang="en-US" xlink:label="dei_WrittenCommunications_lbl" xlink:type="resource" xlink:role="http://www.xbrl.org/2003/role/label">Written Communications</link:label>
    <link:label xml:lang="en-US" xlink:label="dei_WrittenCommunications_lbl" xlink:type="resource" xlink:role="http://www.xbrl.org/2003/role/terseLabel">Written Communications</link:label>
    <link:loc xlink:href="https://xbrl.sec.gov/dei/2022/dei-2022.xsd#dei_SolicitingMaterial" xlink:type="locator" xlink:label="dei_SolicitingMaterial" />
    <link:labelArc xlink:type="arc" xlink:arcrole="http://www.xbrl.org/2003/arcrole/concept-label" xlink:from="dei_SolicitingMaterial" xlink:to="dei_SolicitingMaterial_lbl" />
    <link:label xml:lang="en-US" xlink:label="dei_SolicitingMaterial_lbl" xlink:type="resource" xlink:role="http://www.xbrl.org/2003/role/label">Soliciting Material</link:label>
    <link:label xml:lang="en-US" xlink:label="dei_SolicitingMaterial_lbl" xlink:type="resource" xlink:role="http://www.xbrl.org/2003/role/terseLabel">Soliciting Material</link:label>
    <link:loc xlink:href="https://xbrl.sec.gov/dei/2022/dei-2022.xsd#dei_PreCommencementTenderOffer" xlink:type="locator" xlink:label="dei_PreCommencementTenderOffer" />
    <link:labelArc xlink:type="arc" xlink:arcrole="http://www.xbrl.org/2003/arcrole/concept-label" xlink:from="dei_PreCommencementTenderOffer" xlink:to="dei_PreCommencementTenderOffer_lbl" />
    <link:label xml:lang="en-US" xlink:label="dei_PreCommencementTenderOffer_lbl" xlink:type="resource" xlink:role="http://www.xbrl.org/2003/role/label">Pre-commencement Tender Offer</link:label>
    <link:label xml:lang="en-US" xlink:label="dei_PreCommencementTenderOffer_lbl" xlink:type="resource" xlink:role="http://www.xbrl.org/2003/role/terseLabel">Pre-commencement Tender Offer</link:label>
    <link:loc xlink:href="https://xbrl.sec.gov/dei/2022/dei-2022.xsd#dei_PreCommencementIssuerTenderOffer" xlink:type="locator" xlink:label="dei_PreCommencementIssuerTenderOffer" />
    <link:labelArc xlink:type="arc" xlink:arcrole="http://www.xbrl.org/2003/arcrole/concept-label" xlink:from="dei_PreCommencementIssuerTenderOffer" xlink:to="dei_PreCommencementIssuerTenderOffer_lbl" />
    <link:label xml:lang="en-US" xlink:label="dei_PreCommencementIssuerTenderOffer_lbl" xlink:type="resource" xlink:role="http://www.xbrl.org/2003/role/label">Pre-commencement Issuer Tender Offer</link:label>
    <link:label xml:lang="en-US" xlink:label="dei_PreCommencementIssuerTenderOffer_lbl" xlink:type="resource" xlink:role="http://www.xbrl.org/2003/role/terseLabel">Pre-commencement Issuer Tender Offer</link:label>
    <link:loc xlink:href="https://xbrl.fasb.org/us-gaap/2022/elts/us-gaap-2022.xsd#us-gaap_StatementClassOfStockAxis" xlink:type="locator" xlink:label="us-gaap_StatementClassOfStockAxis" />
    <link:labelArc xlink:type="arc" xlink:arcrole="http://www.xbrl.org/2003/arcrole/concept-label" xlink:from="us-gaap_StatementClassOfStockAxis" xlink:to="us-gaap_StatementClassOfStockAxis_lbl" />
    <link:label xml:lang="en-US" xlink:label="us-gaap_StatementClassOfStockAxis_lbl" xlink:type="resource" xlink:role="http://www.xbrl.org/2003/role/label">Statement Class Of Stock [Axis]</link:label>
    <link:label xml:lang="en-US" xlink:label="us-gaap_StatementClassOfStockAxis_lbl" xlink:type="resource" xlink:role="http://www.xbrl.org/2003/role/terseLabel">Class of Stock</link:label>
    <link:loc xlink:href="https://xbrl.fasb.org/us-gaap/2022/elts/us-gaap-2022.xsd#us-gaap_ClassOfStockDomain" xlink:type="locator" xlink:label="us-gaap_ClassOfStockDomain" />
    <link:labelArc xlink:type="arc" xlink:arcrole="http://www.xbrl.org/2003/arcrole/concept-label" xlink:from="us-gaap_ClassOfStockDomain" xlink:to="us-gaap_ClassOfStockDomain_lbl" />
    <link:label xml:lang="en-US" xlink:label="us-gaap_ClassOfStockDomain_lbl" xlink:type="resource" xlink:role="http://www.xbrl.org/2003/role/label">Statement Class Of Stock [Domain]</link:label>
    <link:label xml:lang="en-US" xlink:label="us-gaap_ClassOfStockDomain_lbl" xlink:type="resource" xlink:role="http://www.xbrl.org/2003/role/terseLabel">Class of Stock</link:label>
    <link:loc xlink:href="https://xbrl.sec.gov/dei/2022/dei-2022.xsd#dei_Security12bTitle" xlink:type="locator" xlink:label="dei_Security12bTitle" />
    <link:labelArc xlink:type="arc" xlink:arcrole="http://www.xbrl.org/2003/arcrole/concept-label" xlink:from="dei_Security12bTitle" xlink:to="dei_Security12bTitle_lbl" />
    <link:label xml:lang="en-US" xlink:label="dei_Security12bTitle_lbl" xlink:type="resource" xlink:role="http://www.xbrl.org/2003/role/label">Security12b Title</link:label>
    <link:label xml:lang="en-US" xlink:label="dei_Security12bTitle_lbl" xlink:type="resource" xlink:role="http://www.xbrl.org/2003/role/terseLabel">Title of 12(b) Security</link:label>
    <link:loc xlink:href="https://xbrl.sec.gov/dei/2022/dei-2022.xsd#dei_TradingSymbol" xlink:type="locator" xlink:label="dei_TradingSymbol" />
    <link:labelArc xlink:type="arc" xlink:arcrole="http://www.xbrl.org/2003/arcrole/concept-label" xlink:from="dei_TradingSymbol" xlink:to="dei_TradingSymbol_lbl" />
    <link:label xml:lang="en-US" xlink:label="dei_TradingSymbol_lbl" xlink:type="resource" xlink:role="http://www.xbrl.org/2003/role/label">Trading Symbol</link:label>
    <link:label xml:lang="en-US" xlink:label="dei_TradingSymbol_lbl" xlink:type="resource" xlink:role="http://www.xbrl.org/2003/role/terseLabel">Trading Symbol</link:label>
    <link:loc xlink:href="https://xbrl.sec.gov/dei/2022/dei-2022.xsd#dei_SecurityExchangeName" xlink:type="locator" xlink:label="dei_SecurityExchangeName" />
    <link:labelArc xlink:type="arc" xlink:arcrole="http://www.xbrl.org/2003/arcrole/concept-label" xlink:from="dei_SecurityExchangeName" xlink:to="dei_SecurityExchangeName_lbl" />
    <link:label xml:lang="en-US" xlink:label="dei_SecurityExchangeName_lbl" xlink:type="resource" xlink:role="http://www.xbrl.org/2003/role/label">Security Exchange Name</link:label>
    <link:label xml:lang="en-US" xlink:label="dei_SecurityExchangeName_lbl" xlink:type="resource" xlink:role="http://www.xbrl.org/2003/role/terseLabel">Security Exchange Name</link:label>
    <link:loc xlink:href="https://xbrl.sec.gov/dei/2022/dei-2022.xsd#dei_EntityEmergingGrowthCompany" xlink:type="locator" xlink:label="dei_EntityEmergingGrowthCompany" />
    <link:labelArc xlink:type="arc" xlink:arcrole="http://www.xbrl.org/2003/arcrole/concept-label" xlink:from="dei_EntityEmergingGrowthCompany" xlink:to="dei_EntityEmergingGrowthCompany_lbl" />
    <link:label xml:lang="en-US" xlink:label="dei_EntityEmergingGrowthCompany_lbl" xlink:type="resource" xlink:role="http://www.xbrl.org/2003/role/label">Entity Emerging Growth Company</link:label>
    <link:label xml:lang="en-US" xlink:label="dei_EntityEmergingGrowthCompany_lbl" xlink:type="resource" xlink:role="http://www.xbrl.org/2003/role/terseLabel">Entity Emerging Growth Company</link:label>
    <link:loc xlink:href="https://xbrl.sec.gov/dei/2022/dei-2022.xsd#dei_CurrentFiscalYearEndDate" xlink:type="locator" xlink:label="dei_CurrentFiscalYearEndDate" />
    <link:labelArc xlink:type="arc" xlink:arcrole="http://www.xbrl.org/2003/arcrole/concept-label" xlink:from="dei_CurrentFiscalYearEndDate" xlink:to="dei_CurrentFiscalYearEndDate_lbl" />
    <link:label xml:lang="en-US" xlink:label="dei_CurrentFiscalYearEndDate_lbl" xlink:type="resource" xlink:role="http://www.xbrl.org/2003/role/label">Current Fiscal Year End Date</link:label>
    <link:label xml:lang="en-US" xlink:label="dei_CurrentFiscalYearEndDate_lbl" xlink:type="resource" xlink:role="http://www.xbrl.org/2003/role/terseLabel">Current Fiscal Year End Date</link:label>
    <link:loc xlink:href="https://xbrl.sec.gov/dei/2022/dei-2022.xsd#dei_AmendmentFlag" xlink:type="locator" xlink:label="dei_AmendmentFlag" />
    <link:labelArc xlink:type="arc" xlink:arcrole="http://www.xbrl.org/2003/arcrole/concept-label" xlink:from="dei_AmendmentFlag" xlink:to="dei_AmendmentFlag_lbl" />
    <link:label xml:lang="en-US" xlink:label="dei_AmendmentFlag_lbl" xlink:type="resource" xlink:role="http://www.xbrl.org/2003/role/label">Amendment Flag</link:label>
    <link:label xml:lang="en-US" xlink:label="dei_AmendmentFlag_lbl" xlink:type="resource" xlink:role="http://www.xbrl.org/2003/role/terseLabel">Amendment Flag</link:label>
    <link:loc xlink:href="https://xbrl.sec.gov/dei/2022/dei-2022.xsd#dei_EntityCentralIndexKey" xlink:type="locator" xlink:label="dei_EntityCentralIndexKey" />
    <link:labelArc xlink:type="arc" xlink:arcrole="http://www.xbrl.org/2003/arcrole/concept-label" xlink:from="dei_EntityCentralIndexKey" xlink:to="dei_EntityCentralIndexKey_lbl" />
    <link:label xml:lang="en-US" xlink:label="dei_EntityCentralIndexKey_lbl" xlink:type="resource" xlink:role="http://www.xbrl.org/2003/role/label">Entity Central Index Key</link:label>
    <link:label xml:lang="en-US" xlink:label="dei_EntityCentralIndexKey_lbl" xlink:type="resource" xlink:role="http://www.xbrl.org/2003/role/terseLabel">Entity Central Index Key</link:label>
    <link:loc xlink:href="https://xbrl.sec.gov/dei/2022/dei-2022.xsd#dei_EntitiesTable" xlink:type="locator" xlink:label="dei_EntitiesTable" />
    <link:labelArc xlink:type="arc" xlink:arcrole="http://www.xbrl.org/2003/arcrole/concept-label" xlink:from="dei_EntitiesTable" xlink:to="dei_EntitiesTable_lbl" />
    <link:label xml:lang="en-US" xlink:label="dei_EntitiesTable_lbl" xlink:type="resource" xlink:role="http://www.xbrl.org/2003/role/label">Entities [Table]</link:label>
    <link:label xml:lang="en-US" xlink:label="dei_EntitiesTable_lbl" xlink:type="resource" xlink:role="http://www.xbrl.org/2003/role/terseLabel">Entities [Table]</link:label>
    <link:loc xlink:href="https://xbrl.sec.gov/dei/2022/dei-2022.xsd#dei_EntityInformationLineItems" xlink:type="locator" xlink:label="dei_EntityInformationLineItems" />
    <link:labelArc xlink:type="arc" xlink:arcrole="http://www.xbrl.org/2003/arcrole/concept-label" xlink:from="dei_EntityInformationLineItems" xlink:to="dei_EntityInformationLineItems_lbl" />
    <link:label xml:lang="en-US" xlink:label="dei_EntityInformationLineItems_lbl" xlink:type="resource" xlink:role="http://www.xbrl.org/2003/role/label">Entity Information [Line Items]</link:label>
    <link:label xml:lang="en-US" xlink:label="dei_EntityInformationLineItems_lbl" xlink:type="resource" xlink:role="http://www.xbrl.org/2003/role/terseLabel">Entity Information [Line Items]</link:label>
    <link:loc xlink:href="https://xbrl.fasb.org/us-gaap/2022/elts/us-gaap-2022.xsd#us-gaap_CommonStockMember" xlink:type="locator" xlink:label="us-gaap_CommonStockMember" />
    <link:labelArc xlink:type="arc" xlink:arcrole="http://www.xbrl.org/2003/arcrole/concept-label" xlink:from="us-gaap_CommonStockMember" xlink:to="us-gaap_CommonStockMember_lbl" />
    <link:label xml:lang="en-US" xlink:label="us-gaap_CommonStockMember_lbl" xlink:type="resource" xlink:role="http://www.xbrl.org/2003/role/label">Common Stock [Member]</link:label>
    <link:label xml:lang="en-US" xlink:label="us-gaap_CommonStockMember_lbl" xlink:type="resource" xlink:role="http://www.xbrl.org/2003/role/terseLabel">Common Stock [Member]</link:label>
    <link:loc xlink:href="msft-20230701.xsd#msft_NotesThreePointOneTwoFivePercentDueDecemberSixTwentyTwentyEightMember" xlink:type="locator" xlink:label="msft_NotesThreePointOneTwoFivePercentDueDecemberSixTwentyTwentyEightMember" />
    <link:labelArc xlink:type="arc" xlink:arcrole="http://www.xbrl.org/2003/arcrole/concept-label" xlink:from="msft_NotesThreePointOneTwoFivePercentDueDecemberSixTwentyTwentyEightMember" xlink:to="msft_NotesThreePointOneTwoFivePercentDueDecemberSixTwentyTwentyEightMember_lbl" />
    <link:label xml:lang="en-US" xlink:label="msft_NotesThreePointOneTwoFivePercentDueDecemberSixTwentyTwentyEightMember_lbl" xlink:type="resource" xlink:role="http://www.xbrl.org/2003/role/label">3.125% Notes due 2028 [Member]</link:label>
    <link:label xml:lang="en-US" xlink:label="msft_NotesThreePointOneTwoFivePercentDueDecemberSixTwentyTwentyEightMember_lbl" xlink:type="resource" xlink:role="http://www.xbrl.org/2003/role/terseLabel">3.125% Notes Due 2028 [Member]</link:label>
    <link:loc xlink:href="msft-20230701.xsd#msft_NotesTwoPointSixTwoFivePercentDueMayTwoTwentyThirtyThreeMember" xlink:type="locator" xlink:label="msft_NotesTwoPointSixTwoFivePercentDueMayTwoTwentyThirtyThreeMember" />
    <link:labelArc xlink:type="arc" xlink:arcrole="http://www.xbrl.org/2003/arcrole/concept-label" xlink:from="msft_NotesTwoPointSixTwoFivePercentDueMayTwoTwentyThirtyThreeMember" xlink:to="msft_NotesTwoPointSixTwoFivePercentDueMayTwoTwentyThirtyThreeMember_lbl" />
    <link:label xml:lang="en-US" xlink:label="msft_NotesTwoPointSixTwoFivePercentDueMayTwoTwentyThirtyThreeMember_lbl" xlink:type="resource" xlink:role="http://www.xbrl.org/2003/role/label">2.625% Notes due 2033 [Member]</link:label>
    <link:label xml:lang="en-US" xlink:label="msft_NotesTwoPointSixTwoFivePercentDueMayTwoTwentyThirtyThreeMember_lbl" xlink:type="resource" xlink:role="http://www.xbrl.org/2003/role/terseLabel">2.625% Notes Due 2033 [Member]</link:label>
  </link:labelLink>
</link:linkbase>
