<?xml version="1.0" encoding="US-ASCII"?>
<!-- DFIN New ActiveDisclosure (SM) XBRL Linkbase Document - http://www.dfinsolutions.com/ -->
<!-- Creation Date :2023-04-25T12:04:38.4818+00:00 -->
<!-- Copyright (c) 2023 Donnelly Financial Solutions, Inc. All Rights Reserved. -->
<link:linkbase xsi:schemaLocation="http://www.xbrl.org/2003/linkbase http://www.xbrl.org/2003/xbrl-linkbase-2003-12-31.xsd" xmlns:link="http://www.xbrl.org/2003/linkbase" xmlns:xlink="http://www.w3.org/1999/xlink" xmlns:xsi="http://www.w3.org/2001/XMLSchema-instance">
  <link:roleRef roleURI="http://www.microsoft.com/20230331/taxonomy/role/Role_StatementINCOMESTATEMENTS" xlink:href="msft-20230331.xsd#Role_StatementINCOMESTATEMENTS" xlink:type="simple"/>
  <link:roleRef roleURI="http://www.microsoft.com/20230331/taxonomy/role/Role_StatementCOMPREHENSIVEINCOMESTATEMENTS" xlink:href="msft-20230331.xsd#Role_StatementCOMPREHENSIVEINCOMESTATEMENTS" xlink:type="simple"/>
  <link:roleRef roleURI="http://www.microsoft.com/20230331/taxonomy/role/Role_StatementBALANCESHEETS" xlink:href="msft-20230331.xsd#Role_StatementBALANCESHEETS" xlink:type="simple"/>
  <link:roleRef roleURI="http://www.microsoft.com/20230331/taxonomy/role/Role_StatementCASHFLOWSSTATEMENTS" xlink:href="msft-20230331.xsd#Role_StatementCASHFLOWSSTATEMENTS" xlink:type="simple"/>
  <link:roleRef roleURI="http://www.microsoft.com/20230331/taxonomy/role/Role_DisclosureBasicAndDilutedEarningsPerShareDetail" xlink:href="msft-20230331.xsd#Role_DisclosureBasicAndDilutedEarningsPerShareDetail" xlink:type="simple"/>
  <link:roleRef roleURI="http://www.microsoft.com/20230331/taxonomy/role/Role_DisclosureComponentsOfOtherIncomeExpenseNetDetail" xlink:href="msft-20230331.xsd#Role_DisclosureComponentsOfOtherIncomeExpenseNetDetail" xlink:type="simple"/>
  <link:roleRef roleURI="http://www.microsoft.com/20230331/taxonomy/role/Role_DisclosureNetRecognizedGainsLossesOnDebtInvestmentsDetail" xlink:href="msft-20230331.xsd#Role_DisclosureNetRecognizedGainsLossesOnDebtInvestmentsDetail" xlink:type="simple"/>
  <link:roleRef roleURI="http://www.microsoft.com/20230331/taxonomy/role/Role_DisclosureNetRecognizedGainsLossesOnEquityInvestmentsDetail" xlink:href="msft-20230331.xsd#Role_DisclosureNetRecognizedGainsLossesOnEquityInvestmentsDetail" xlink:type="simple"/>
  <link:roleRef roleURI="http://www.microsoft.com/20230331/taxonomy/role/Role_DisclosureInvestmentComponentsDetail" xlink:href="msft-20230331.xsd#Role_DisclosureInvestmentComponentsDetail" xlink:type="simple"/>
  <link:roleRef roleURI="http://www.microsoft.com/20230331/taxonomy/role/Role_DisclosureUnrealizedLossesOnDebtInvestmentsDetail" xlink:href="msft-20230331.xsd#Role_DisclosureUnrealizedLossesOnDebtInvestmentsDetail" xlink:type="simple"/>
  <link:roleRef roleURI="http://www.microsoft.com/20230331/taxonomy/role/Role_DisclosureDebtInvestmentMaturitiesDetail" xlink:href="msft-20230331.xsd#Role_DisclosureDebtInvestmentMaturitiesDetail" xlink:type="simple"/>
  <link:roleRef roleURI="http://www.microsoft.com/20230331/taxonomy/role/Role_DisclosureFairValuesOfDerivativeInstrumentsDetail" xlink:href="msft-20230331.xsd#Role_DisclosureFairValuesOfDerivativeInstrumentsDetail" xlink:type="simple"/>
  <link:roleRef roleURI="http://www.microsoft.com/20230331/taxonomy/role/Role_DisclosureComponentsOfInventoriesDetail" xlink:href="msft-20230331.xsd#Role_DisclosureComponentsOfInventoriesDetail" xlink:type="simple"/>
  <link:roleRef roleURI="http://www.microsoft.com/20230331/taxonomy/role/Role_DisclosureMajorClassesOfAssetsAndLiabilitiesAllocatedPurchasePriceDetail" xlink:href="msft-20230331.xsd#Role_DisclosureMajorClassesOfAssetsAndLiabilitiesAllocatedPurchasePriceDetail" xlink:type="simple"/>
  <link:roleRef roleURI="http://www.microsoft.com/20230331/taxonomy/role/Role_DisclosureFiniteLivedIntangibleAssetsDetail" xlink:href="msft-20230331.xsd#Role_DisclosureFiniteLivedIntangibleAssetsDetail" xlink:type="simple"/>
  <link:roleRef roleURI="http://www.microsoft.com/20230331/taxonomy/role/Role_DisclosureEstimatedFutureAmortizationExpenseRelatedToIntangibleAssetsDetail" xlink:href="msft-20230331.xsd#Role_DisclosureEstimatedFutureAmortizationExpenseRelatedToIntangibleAssetsDetail" xlink:type="simple"/>
  <link:roleRef roleURI="http://www.microsoft.com/20230331/taxonomy/role/Role_DisclosureDebtDetail" xlink:href="msft-20230331.xsd#Role_DisclosureDebtDetail" xlink:type="simple"/>
  <link:roleRef roleURI="http://www.microsoft.com/20230331/taxonomy/role/Role_DisclosureDebtDetail2" xlink:href="msft-20230331.xsd#Role_DisclosureDebtDetail2" xlink:type="simple"/>
  <link:roleRef roleURI="http://www.microsoft.com/20230331/taxonomy/role/Role_DisclosureMaturitiesOfLongTermDebtIncludingCurrentPortionDetail" xlink:href="msft-20230331.xsd#Role_DisclosureMaturitiesOfLongTermDebtIncludingCurrentPortionDetail" xlink:type="simple"/>
  <link:roleRef roleURI="http://www.microsoft.com/20230331/taxonomy/role/Role_DisclosureComponentsOfLeaseExpenseDetail" xlink:href="msft-20230331.xsd#Role_DisclosureComponentsOfLeaseExpenseDetail" xlink:type="simple"/>
  <link:roleRef roleURI="http://www.microsoft.com/20230331/taxonomy/role/Role_DisclosureSupplementalBalanceSheetInformationRelatedToLeasesDetail" xlink:href="msft-20230331.xsd#Role_DisclosureSupplementalBalanceSheetInformationRelatedToLeasesDetail" xlink:type="simple"/>
  <link:roleRef roleURI="http://www.microsoft.com/20230331/taxonomy/role/Role_DisclosureMaturitiesOfLeaseLiabilitiesDetail" xlink:href="msft-20230331.xsd#Role_DisclosureMaturitiesOfLeaseLiabilitiesDetail" xlink:type="simple"/>
  <link:roleRef roleURI="http://www.microsoft.com/20230331/taxonomy/role/Role_DisclosureMaturitiesOfLeaseLiabilitiesDetail2" xlink:href="msft-20230331.xsd#Role_DisclosureMaturitiesOfLeaseLiabilitiesDetail2" xlink:type="simple"/>
  <link:roleRef roleURI="http://www.microsoft.com/20230331/taxonomy/role/Role_DisclosureSummaryOfChangesInAccumulatedOtherComprehensiveIncomeLossByComponentDetail" xlink:href="msft-20230331.xsd#Role_DisclosureSummaryOfChangesInAccumulatedOtherComprehensiveIncomeLossByComponentDetail" xlink:type="simple"/>
  <link:calculationLink xlink:type="extended" xlink:role="http://www.microsoft.com/20230331/taxonomy/role/Role_StatementINCOMESTATEMENTS">
    <link:calculationArc xlink:type="arc" xlink:arcrole="http://www.xbrl.org/2003/arcrole/summation-item" xlink:from="us-gaap_OperatingIncomeLoss" xlink:to="us-gaap_GrossProfit" order="0" weight="1.00" use="optional"/>
    <link:calculationArc xlink:type="arc" xlink:arcrole="http://www.xbrl.org/2003/arcrole/summation-item" xlink:from="us-gaap_NetIncomeLoss" xlink:to="us-gaap_IncomeLossFromContinuingOperationsBeforeIncomeTaxesExtraordinaryItemsNoncontrollingInterest" order="0" weight="1.00" use="optional"/>
    <link:calculationArc xlink:type="arc" xlink:arcrole="http://www.xbrl.org/2003/arcrole/summation-item" xlink:from="us-gaap_IncomeLossFromContinuingOperationsBeforeIncomeTaxesExtraordinaryItemsNoncontrollingInterest" xlink:to="us-gaap_OperatingIncomeLoss" order="0" weight="1.00" use="optional"/>
    <link:calculationArc xlink:type="arc" xlink:arcrole="http://www.xbrl.org/2003/arcrole/summation-item" xlink:from="us-gaap_GrossProfit" xlink:to="us-gaap_RevenueFromContractWithCustomerExcludingAssessedTax" order="0" weight="1.00" use="optional"/>
    <link:calculationArc xlink:type="arc" xlink:arcrole="http://www.xbrl.org/2003/arcrole/summation-item" xlink:from="us-gaap_OperatingIncomeLoss" xlink:to="us-gaap_ResearchAndDevelopmentExpense" order="1" weight="-1.00" use="optional"/>
    <link:calculationArc xlink:type="arc" xlink:arcrole="http://www.xbrl.org/2003/arcrole/summation-item" xlink:from="us-gaap_NetIncomeLoss" xlink:to="us-gaap_IncomeTaxExpenseBenefit" order="1" weight="-1.00" use="optional"/>
    <link:calculationArc xlink:type="arc" xlink:arcrole="http://www.xbrl.org/2003/arcrole/summation-item" xlink:from="us-gaap_IncomeLossFromContinuingOperationsBeforeIncomeTaxesExtraordinaryItemsNoncontrollingInterest" xlink:to="us-gaap_NonoperatingIncomeExpense" order="1" weight="1.00" use="optional"/>
    <link:calculationArc xlink:type="arc" xlink:arcrole="http://www.xbrl.org/2003/arcrole/summation-item" xlink:from="us-gaap_GrossProfit" xlink:to="us-gaap_CostOfGoodsAndServicesSold" order="1" weight="-1.00" use="optional"/>
    <link:calculationArc xlink:type="arc" xlink:arcrole="http://www.xbrl.org/2003/arcrole/summation-item" xlink:from="us-gaap_OperatingIncomeLoss" xlink:to="us-gaap_SellingAndMarketingExpense" order="2" weight="-1.00" use="optional"/>
    <link:calculationArc xlink:type="arc" xlink:arcrole="http://www.xbrl.org/2003/arcrole/summation-item" xlink:from="us-gaap_OperatingIncomeLoss" xlink:to="us-gaap_GeneralAndAdministrativeExpense" order="3" weight="-1.00" use="optional"/>
    <link:loc xlink:type="locator" xlink:href="https://xbrl.fasb.org/us-gaap/2022/elts/us-gaap-2022.xsd#us-gaap_OperatingIncomeLoss" xlink:label="us-gaap_OperatingIncomeLoss"/>
    <link:loc xlink:type="locator" xlink:href="https://xbrl.fasb.org/us-gaap/2022/elts/us-gaap-2022.xsd#us-gaap_GrossProfit" xlink:label="us-gaap_GrossProfit"/>
    <link:loc xlink:type="locator" xlink:href="https://xbrl.fasb.org/us-gaap/2022/elts/us-gaap-2022.xsd#us-gaap_NetIncomeLoss" xlink:label="us-gaap_NetIncomeLoss"/>
    <link:loc xlink:type="locator" xlink:href="https://xbrl.fasb.org/us-gaap/2022/elts/us-gaap-2022.xsd#us-gaap_IncomeLossFromContinuingOperationsBeforeIncomeTaxesExtraordinaryItemsNoncontrollingInterest" xlink:label="us-gaap_IncomeLossFromContinuingOperationsBeforeIncomeTaxesExtraordinaryItemsNoncontrollingInterest"/>
    <link:loc xlink:type="locator" xlink:href="https://xbrl.fasb.org/us-gaap/2022/elts/us-gaap-2022.xsd#us-gaap_RevenueFromContractWithCustomerExcludingAssessedTax" xlink:label="us-gaap_RevenueFromContractWithCustomerExcludingAssessedTax"/>
    <link:loc xlink:type="locator" xlink:href="https://xbrl.fasb.org/us-gaap/2022/elts/us-gaap-2022.xsd#us-gaap_ResearchAndDevelopmentExpense" xlink:label="us-gaap_ResearchAndDevelopmentExpense"/>
    <link:loc xlink:type="locator" xlink:href="https://xbrl.fasb.org/us-gaap/2022/elts/us-gaap-2022.xsd#us-gaap_IncomeTaxExpenseBenefit" xlink:label="us-gaap_IncomeTaxExpenseBenefit"/>
    <link:loc xlink:type="locator" xlink:href="https://xbrl.fasb.org/us-gaap/2022/elts/us-gaap-2022.xsd#us-gaap_NonoperatingIncomeExpense" xlink:label="us-gaap_NonoperatingIncomeExpense"/>
    <link:loc xlink:type="locator" xlink:href="https://xbrl.fasb.org/us-gaap/2022/elts/us-gaap-2022.xsd#us-gaap_CostOfGoodsAndServicesSold" xlink:label="us-gaap_CostOfGoodsAndServicesSold"/>
    <link:loc xlink:type="locator" xlink:href="https://xbrl.fasb.org/us-gaap/2022/elts/us-gaap-2022.xsd#us-gaap_SellingAndMarketingExpense" xlink:label="us-gaap_SellingAndMarketingExpense"/>
    <link:loc xlink:type="locator" xlink:href="https://xbrl.fasb.org/us-gaap/2022/elts/us-gaap-2022.xsd#us-gaap_GeneralAndAdministrativeExpense" xlink:label="us-gaap_GeneralAndAdministrativeExpense"/>
  </link:calculationLink>
  <link:calculationLink xlink:type="extended" xlink:role="http://www.microsoft.com/20230331/taxonomy/role/Role_StatementCOMPREHENSIVEINCOMESTATEMENTS">
    <link:calculationArc xlink:type="arc" xlink:arcrole="http://www.xbrl.org/2003/arcrole/summation-item" xlink:from="us-gaap_OtherComprehensiveIncomeLossNetOfTaxPortionAttributableToParent" xlink:to="us-gaap_OtherComprehensiveIncomeLossCashFlowHedgeGainLossAfterReclassificationAndTax" order="0" weight="1.00" use="optional"/>
    <link:calculationArc xlink:type="arc" xlink:arcrole="http://www.xbrl.org/2003/arcrole/summation-item" xlink:from="us-gaap_ComprehensiveIncomeNetOfTax" xlink:to="us-gaap_NetIncomeLoss" order="0" weight="1.00" use="optional"/>
    <link:calculationArc xlink:type="arc" xlink:arcrole="http://www.xbrl.org/2003/arcrole/summation-item" xlink:from="us-gaap_OtherComprehensiveIncomeLossNetOfTaxPortionAttributableToParent" xlink:to="us-gaap_OtherComprehensiveIncomeLossAvailableForSaleSecuritiesAdjustmentNetOfTax" order="1" weight="1.00" use="optional"/>
    <link:calculationArc xlink:type="arc" xlink:arcrole="http://www.xbrl.org/2003/arcrole/summation-item" xlink:from="us-gaap_ComprehensiveIncomeNetOfTax" xlink:to="us-gaap_OtherComprehensiveIncomeLossNetOfTaxPortionAttributableToParent" order="1" weight="1.00" use="optional"/>
    <link:calculationArc xlink:type="arc" xlink:arcrole="http://www.xbrl.org/2003/arcrole/summation-item" xlink:from="us-gaap_OtherComprehensiveIncomeLossNetOfTaxPortionAttributableToParent" xlink:to="us-gaap_OtherComprehensiveIncomeLossForeignCurrencyTransactionAndTranslationAdjustmentNetOfTax" order="2" weight="1.00" use="optional"/>
    <link:loc xlink:type="locator" xlink:href="https://xbrl.fasb.org/us-gaap/2022/elts/us-gaap-2022.xsd#us-gaap_OtherComprehensiveIncomeLossNetOfTaxPortionAttributableToParent" xlink:label="us-gaap_OtherComprehensiveIncomeLossNetOfTaxPortionAttributableToParent"/>
    <link:loc xlink:type="locator" xlink:href="https://xbrl.fasb.org/us-gaap/2022/elts/us-gaap-2022.xsd#us-gaap_OtherComprehensiveIncomeLossCashFlowHedgeGainLossAfterReclassificationAndTax" xlink:label="us-gaap_OtherComprehensiveIncomeLossCashFlowHedgeGainLossAfterReclassificationAndTax"/>
    <link:loc xlink:type="locator" xlink:href="https://xbrl.fasb.org/us-gaap/2022/elts/us-gaap-2022.xsd#us-gaap_ComprehensiveIncomeNetOfTax" xlink:label="us-gaap_ComprehensiveIncomeNetOfTax"/>
    <link:loc xlink:type="locator" xlink:href="https://xbrl.fasb.org/us-gaap/2022/elts/us-gaap-2022.xsd#us-gaap_NetIncomeLoss" xlink:label="us-gaap_NetIncomeLoss"/>
    <link:loc xlink:type="locator" xlink:href="https://xbrl.fasb.org/us-gaap/2022/elts/us-gaap-2022.xsd#us-gaap_OtherComprehensiveIncomeLossAvailableForSaleSecuritiesAdjustmentNetOfTax" xlink:label="us-gaap_OtherComprehensiveIncomeLossAvailableForSaleSecuritiesAdjustmentNetOfTax"/>
    <link:loc xlink:type="locator" xlink:href="https://xbrl.fasb.org/us-gaap/2022/elts/us-gaap-2022.xsd#us-gaap_OtherComprehensiveIncomeLossForeignCurrencyTransactionAndTranslationAdjustmentNetOfTax" xlink:label="us-gaap_OtherComprehensiveIncomeLossForeignCurrencyTransactionAndTranslationAdjustmentNetOfTax"/>
  </link:calculationLink>
  <link:calculationLink xlink:type="extended" xlink:role="http://www.microsoft.com/20230331/taxonomy/role/Role_StatementBALANCESHEETS">
    <link:calculationArc xlink:type="arc" xlink:arcrole="http://www.xbrl.org/2003/arcrole/summation-item" xlink:from="us-gaap_LiabilitiesAndStockholdersEquity" xlink:to="us-gaap_Liabilities" order="0" weight="1.00" use="optional"/>
    <link:calculationArc xlink:type="arc" xlink:arcrole="http://www.xbrl.org/2003/arcrole/summation-item" xlink:from="us-gaap_LiabilitiesCurrent" xlink:to="us-gaap_AccountsPayableCurrent" order="0" weight="1.00" use="optional"/>
    <link:calculationArc xlink:type="arc" xlink:arcrole="http://www.xbrl.org/2003/arcrole/summation-item" xlink:from="us-gaap_AssetsCurrent" xlink:to="us-gaap_CashCashEquivalentsAndShortTermInvestments" order="0" weight="1.00" use="optional"/>
    <link:calculationArc xlink:type="arc" xlink:arcrole="http://www.xbrl.org/2003/arcrole/summation-item" xlink:from="us-gaap_Liabilities" xlink:to="us-gaap_LiabilitiesCurrent" order="0" weight="1.00" use="optional"/>
    <link:calculationArc xlink:type="arc" xlink:arcrole="http://www.xbrl.org/2003/arcrole/summation-item" xlink:from="us-gaap_Assets" xlink:to="us-gaap_AssetsCurrent" order="0" weight="1.00" use="optional"/>
    <link:calculationArc xlink:type="arc" xlink:arcrole="http://www.xbrl.org/2003/arcrole/summation-item" xlink:from="us-gaap_CashCashEquivalentsAndShortTermInvestments" xlink:to="us-gaap_CashAndCashEquivalentsAtCarryingValue" order="0" weight="1.00" use="optional"/>
    <link:calculationArc xlink:type="arc" xlink:arcrole="http://www.xbrl.org/2003/arcrole/summation-item" xlink:from="us-gaap_StockholdersEquity" xlink:to="us-gaap_CommonStocksIncludingAdditionalPaidInCapital" order="0" weight="1.00" use="optional"/>
    <link:calculationArc xlink:type="arc" xlink:arcrole="http://www.xbrl.org/2003/arcrole/summation-item" xlink:from="us-gaap_LiabilitiesAndStockholdersEquity" xlink:to="us-gaap_CommitmentsAndContingencies" order="1" weight="1.00" use="optional"/>
    <link:calculationArc xlink:type="arc" xlink:arcrole="http://www.xbrl.org/2003/arcrole/summation-item" xlink:from="us-gaap_LiabilitiesCurrent" xlink:to="us-gaap_LongTermDebtCurrent" order="1" weight="1.00" use="optional"/>
    <link:calculationArc xlink:type="arc" xlink:arcrole="http://www.xbrl.org/2003/arcrole/summation-item" xlink:from="us-gaap_AssetsCurrent" xlink:to="us-gaap_AccountsReceivableNetCurrent" order="1" weight="1.00" use="optional"/>
    <link:calculationArc xlink:type="arc" xlink:arcrole="http://www.xbrl.org/2003/arcrole/summation-item" xlink:from="us-gaap_Liabilities" xlink:to="us-gaap_LongTermDebtNoncurrent" order="1" weight="1.00" use="optional"/>
    <link:calculationArc xlink:type="arc" xlink:arcrole="http://www.xbrl.org/2003/arcrole/summation-item" xlink:from="us-gaap_Assets" xlink:to="us-gaap_PropertyPlantAndEquipmentNet" order="1" weight="1.00" use="optional"/>
    <link:calculationArc xlink:type="arc" xlink:arcrole="http://www.xbrl.org/2003/arcrole/summation-item" xlink:from="us-gaap_CashCashEquivalentsAndShortTermInvestments" xlink:to="us-gaap_ShortTermInvestments" order="1" weight="1.00" use="optional"/>
    <link:calculationArc xlink:type="arc" xlink:arcrole="http://www.xbrl.org/2003/arcrole/summation-item" xlink:from="us-gaap_StockholdersEquity" xlink:to="us-gaap_RetainedEarningsAccumulatedDeficit" order="1" weight="1.00" use="optional"/>
    <link:calculationArc xlink:type="arc" xlink:arcrole="http://www.xbrl.org/2003/arcrole/summation-item" xlink:from="us-gaap_LiabilitiesAndStockholdersEquity" xlink:to="us-gaap_StockholdersEquity" order="2" weight="1.00" use="optional"/>
    <link:calculationArc xlink:type="arc" xlink:arcrole="http://www.xbrl.org/2003/arcrole/summation-item" xlink:from="us-gaap_LiabilitiesCurrent" xlink:to="us-gaap_EmployeeRelatedLiabilitiesCurrent" order="2" weight="1.00" use="optional"/>
    <link:calculationArc xlink:type="arc" xlink:arcrole="http://www.xbrl.org/2003/arcrole/summation-item" xlink:from="us-gaap_AssetsCurrent" xlink:to="us-gaap_InventoryNet" order="2" weight="1.00" use="optional"/>
    <link:calculationArc xlink:type="arc" xlink:arcrole="http://www.xbrl.org/2003/arcrole/summation-item" xlink:from="us-gaap_Liabilities" xlink:to="us-gaap_AccruedIncomeTaxesNoncurrent" order="2" weight="1.00" use="optional"/>
    <link:calculationArc xlink:type="arc" xlink:arcrole="http://www.xbrl.org/2003/arcrole/summation-item" xlink:from="us-gaap_Assets" xlink:to="us-gaap_OperatingLeaseRightOfUseAsset" order="2" weight="1.00" use="optional"/>
    <link:calculationArc xlink:type="arc" xlink:arcrole="http://www.xbrl.org/2003/arcrole/summation-item" xlink:from="us-gaap_StockholdersEquity" xlink:to="us-gaap_AccumulatedOtherComprehensiveIncomeLossNetOfTax" order="2" weight="1.00" use="optional"/>
    <link:calculationArc xlink:type="arc" xlink:arcrole="http://www.xbrl.org/2003/arcrole/summation-item" xlink:from="us-gaap_LiabilitiesCurrent" xlink:to="us-gaap_AccruedIncomeTaxesCurrent" order="3" weight="1.00" use="optional"/>
    <link:calculationArc xlink:type="arc" xlink:arcrole="http://www.xbrl.org/2003/arcrole/summation-item" xlink:from="us-gaap_AssetsCurrent" xlink:to="us-gaap_OtherAssetsCurrent" order="3" weight="1.00" use="optional"/>
    <link:calculationArc xlink:type="arc" xlink:arcrole="http://www.xbrl.org/2003/arcrole/summation-item" xlink:from="us-gaap_Liabilities" xlink:to="us-gaap_ContractWithCustomerLiabilityNoncurrent" order="3" weight="1.00" use="optional"/>
    <link:calculationArc xlink:type="arc" xlink:arcrole="http://www.xbrl.org/2003/arcrole/summation-item" xlink:from="us-gaap_Assets" xlink:to="us-gaap_LongTermInvestments" order="3" weight="1.00" use="optional"/>
    <link:calculationArc xlink:type="arc" xlink:arcrole="http://www.xbrl.org/2003/arcrole/summation-item" xlink:from="us-gaap_LiabilitiesCurrent" xlink:to="us-gaap_ContractWithCustomerLiabilityCurrent" order="4" weight="1.00" use="optional"/>
    <link:calculationArc xlink:type="arc" xlink:arcrole="http://www.xbrl.org/2003/arcrole/summation-item" xlink:from="us-gaap_Liabilities" xlink:to="us-gaap_DeferredIncomeTaxLiabilitiesNet" order="4" weight="1.00" use="optional"/>
    <link:calculationArc xlink:type="arc" xlink:arcrole="http://www.xbrl.org/2003/arcrole/summation-item" xlink:from="us-gaap_Assets" xlink:to="us-gaap_Goodwill" order="4" weight="1.00" use="optional"/>
    <link:calculationArc xlink:type="arc" xlink:arcrole="http://www.xbrl.org/2003/arcrole/summation-item" xlink:from="us-gaap_LiabilitiesCurrent" xlink:to="us-gaap_OtherLiabilitiesCurrent" order="5" weight="1.00" use="optional"/>
    <link:calculationArc xlink:type="arc" xlink:arcrole="http://www.xbrl.org/2003/arcrole/summation-item" xlink:from="us-gaap_Liabilities" xlink:to="us-gaap_OperatingLeaseLiabilityNoncurrent" order="5" weight="1.00" use="optional"/>
    <link:calculationArc xlink:type="arc" xlink:arcrole="http://www.xbrl.org/2003/arcrole/summation-item" xlink:from="us-gaap_Assets" xlink:to="us-gaap_FiniteLivedIntangibleAssetsNet" order="5" weight="1.00" use="optional"/>
    <link:calculationArc xlink:type="arc" xlink:arcrole="http://www.xbrl.org/2003/arcrole/summation-item" xlink:from="us-gaap_Liabilities" xlink:to="us-gaap_OtherLiabilitiesNoncurrent" order="6" weight="1.00" use="optional"/>
    <link:calculationArc xlink:type="arc" xlink:arcrole="http://www.xbrl.org/2003/arcrole/summation-item" xlink:from="us-gaap_Assets" xlink:to="us-gaap_OtherAssetsNoncurrent" order="6" weight="1.00" use="optional"/>
    <link:loc xlink:type="locator" xlink:href="https://xbrl.fasb.org/us-gaap/2022/elts/us-gaap-2022.xsd#us-gaap_LiabilitiesAndStockholdersEquity" xlink:label="us-gaap_LiabilitiesAndStockholdersEquity"/>
    <link:loc xlink:type="locator" xlink:href="https://xbrl.fasb.org/us-gaap/2022/elts/us-gaap-2022.xsd#us-gaap_Liabilities" xlink:label="us-gaap_Liabilities"/>
    <link:loc xlink:type="locator" xlink:href="https://xbrl.fasb.org/us-gaap/2022/elts/us-gaap-2022.xsd#us-gaap_LiabilitiesCurrent" xlink:label="us-gaap_LiabilitiesCurrent"/>
    <link:loc xlink:type="locator" xlink:href="https://xbrl.fasb.org/us-gaap/2022/elts/us-gaap-2022.xsd#us-gaap_AccountsPayableCurrent" xlink:label="us-gaap_AccountsPayableCurrent"/>
    <link:loc xlink:type="locator" xlink:href="https://xbrl.fasb.org/us-gaap/2022/elts/us-gaap-2022.xsd#us-gaap_AssetsCurrent" xlink:label="us-gaap_AssetsCurrent"/>
    <link:loc xlink:type="locator" xlink:href="https://xbrl.fasb.org/us-gaap/2022/elts/us-gaap-2022.xsd#us-gaap_CashCashEquivalentsAndShortTermInvestments" xlink:label="us-gaap_CashCashEquivalentsAndShortTermInvestments"/>
    <link:loc xlink:type="locator" xlink:href="https://xbrl.fasb.org/us-gaap/2022/elts/us-gaap-2022.xsd#us-gaap_Assets" xlink:label="us-gaap_Assets"/>
    <link:loc xlink:type="locator" xlink:href="https://xbrl.fasb.org/us-gaap/2022/elts/us-gaap-2022.xsd#us-gaap_CashAndCashEquivalentsAtCarryingValue" xlink:label="us-gaap_CashAndCashEquivalentsAtCarryingValue"/>
    <link:loc xlink:type="locator" xlink:href="https://xbrl.fasb.org/us-gaap/2022/elts/us-gaap-2022.xsd#us-gaap_StockholdersEquity" xlink:label="us-gaap_StockholdersEquity"/>
    <link:loc xlink:type="locator" xlink:href="https://xbrl.fasb.org/us-gaap/2022/elts/us-gaap-2022.xsd#us-gaap_CommonStocksIncludingAdditionalPaidInCapital" xlink:label="us-gaap_CommonStocksIncludingAdditionalPaidInCapital"/>
    <link:loc xlink:type="locator" xlink:href="https://xbrl.fasb.org/us-gaap/2022/elts/us-gaap-2022.xsd#us-gaap_CommitmentsAndContingencies" xlink:label="us-gaap_CommitmentsAndContingencies"/>
    <link:loc xlink:type="locator" xlink:href="https://xbrl.fasb.org/us-gaap/2022/elts/us-gaap-2022.xsd#us-gaap_LongTermDebtCurrent" xlink:label="us-gaap_LongTermDebtCurrent"/>
    <link:loc xlink:type="locator" xlink:href="https://xbrl.fasb.org/us-gaap/2022/elts/us-gaap-2022.xsd#us-gaap_AccountsReceivableNetCurrent" xlink:label="us-gaap_AccountsReceivableNetCurrent"/>
    <link:loc xlink:type="locator" xlink:href="https://xbrl.fasb.org/us-gaap/2022/elts/us-gaap-2022.xsd#us-gaap_LongTermDebtNoncurrent" xlink:label="us-gaap_LongTermDebtNoncurrent"/>
    <link:loc xlink:type="locator" xlink:href="https://xbrl.fasb.org/us-gaap/2022/elts/us-gaap-2022.xsd#us-gaap_PropertyPlantAndEquipmentNet" xlink:label="us-gaap_PropertyPlantAndEquipmentNet"/>
    <link:loc xlink:type="locator" xlink:href="https://xbrl.fasb.org/us-gaap/2022/elts/us-gaap-2022.xsd#us-gaap_ShortTermInvestments" xlink:label="us-gaap_ShortTermInvestments"/>
    <link:loc xlink:type="locator" xlink:href="https://xbrl.fasb.org/us-gaap/2022/elts/us-gaap-2022.xsd#us-gaap_RetainedEarningsAccumulatedDeficit" xlink:label="us-gaap_RetainedEarningsAccumulatedDeficit"/>
    <link:loc xlink:type="locator" xlink:href="https://xbrl.fasb.org/us-gaap/2022/elts/us-gaap-2022.xsd#us-gaap_EmployeeRelatedLiabilitiesCurrent" xlink:label="us-gaap_EmployeeRelatedLiabilitiesCurrent"/>
    <link:loc xlink:type="locator" xlink:href="https://xbrl.fasb.org/us-gaap/2022/elts/us-gaap-2022.xsd#us-gaap_InventoryNet" xlink:label="us-gaap_InventoryNet"/>
    <link:loc xlink:type="locator" xlink:href="https://xbrl.fasb.org/us-gaap/2022/elts/us-gaap-2022.xsd#us-gaap_AccruedIncomeTaxesNoncurrent" xlink:label="us-gaap_AccruedIncomeTaxesNoncurrent"/>
    <link:loc xlink:type="locator" xlink:href="https://xbrl.fasb.org/us-gaap/2022/elts/us-gaap-2022.xsd#us-gaap_OperatingLeaseRightOfUseAsset" xlink:label="us-gaap_OperatingLeaseRightOfUseAsset"/>
    <link:loc xlink:type="locator" xlink:href="https://xbrl.fasb.org/us-gaap/2022/elts/us-gaap-2022.xsd#us-gaap_AccumulatedOtherComprehensiveIncomeLossNetOfTax" xlink:label="us-gaap_AccumulatedOtherComprehensiveIncomeLossNetOfTax"/>
    <link:loc xlink:type="locator" xlink:href="https://xbrl.fasb.org/us-gaap/2022/elts/us-gaap-2022.xsd#us-gaap_AccruedIncomeTaxesCurrent" xlink:label="us-gaap_AccruedIncomeTaxesCurrent"/>
    <link:loc xlink:type="locator" xlink:href="https://xbrl.fasb.org/us-gaap/2022/elts/us-gaap-2022.xsd#us-gaap_OtherAssetsCurrent" xlink:label="us-gaap_OtherAssetsCurrent"/>
    <link:loc xlink:type="locator" xlink:href="https://xbrl.fasb.org/us-gaap/2022/elts/us-gaap-2022.xsd#us-gaap_ContractWithCustomerLiabilityNoncurrent" xlink:label="us-gaap_ContractWithCustomerLiabilityNoncurrent"/>
    <link:loc xlink:type="locator" xlink:href="https://xbrl.fasb.org/us-gaap/2022/elts/us-gaap-2022.xsd#us-gaap_LongTermInvestments" xlink:label="us-gaap_LongTermInvestments"/>
    <link:loc xlink:type="locator" xlink:href="https://xbrl.fasb.org/us-gaap/2022/elts/us-gaap-2022.xsd#us-gaap_ContractWithCustomerLiabilityCurrent" xlink:label="us-gaap_ContractWithCustomerLiabilityCurrent"/>
    <link:loc xlink:type="locator" xlink:href="https://xbrl.fasb.org/us-gaap/2022/elts/us-gaap-2022.xsd#us-gaap_DeferredIncomeTaxLiabilitiesNet" xlink:label="us-gaap_DeferredIncomeTaxLiabilitiesNet"/>
    <link:loc xlink:type="locator" xlink:href="https://xbrl.fasb.org/us-gaap/2022/elts/us-gaap-2022.xsd#us-gaap_Goodwill" xlink:label="us-gaap_Goodwill"/>
    <link:loc xlink:type="locator" xlink:href="https://xbrl.fasb.org/us-gaap/2022/elts/us-gaap-2022.xsd#us-gaap_OtherLiabilitiesCurrent" xlink:label="us-gaap_OtherLiabilitiesCurrent"/>
    <link:loc xlink:type="locator" xlink:href="https://xbrl.fasb.org/us-gaap/2022/elts/us-gaap-2022.xsd#us-gaap_OperatingLeaseLiabilityNoncurrent" xlink:label="us-gaap_OperatingLeaseLiabilityNoncurrent"/>
    <link:loc xlink:type="locator" xlink:href="https://xbrl.fasb.org/us-gaap/2022/elts/us-gaap-2022.xsd#us-gaap_FiniteLivedIntangibleAssetsNet" xlink:label="us-gaap_FiniteLivedIntangibleAssetsNet"/>
    <link:loc xlink:type="locator" xlink:href="https://xbrl.fasb.org/us-gaap/2022/elts/us-gaap-2022.xsd#us-gaap_OtherLiabilitiesNoncurrent" xlink:label="us-gaap_OtherLiabilitiesNoncurrent"/>
    <link:loc xlink:type="locator" xlink:href="https://xbrl.fasb.org/us-gaap/2022/elts/us-gaap-2022.xsd#us-gaap_OtherAssetsNoncurrent" xlink:label="us-gaap_OtherAssetsNoncurrent"/>
  </link:calculationLink>
  <link:calculationLink xlink:type="extended" xlink:role="http://www.microsoft.com/20230331/taxonomy/role/Role_StatementCASHFLOWSSTATEMENTS">
    <link:calculationArc xlink:type="arc" xlink:arcrole="http://www.xbrl.org/2003/arcrole/summation-item" xlink:from="us-gaap_NetCashProvidedByUsedInFinancingActivities" xlink:to="us-gaap_RepaymentsOfDebtMaturingInMoreThanThreeMonths" order="0" weight="-1.00" use="optional"/>
    <link:calculationArc xlink:type="arc" xlink:arcrole="http://www.xbrl.org/2003/arcrole/summation-item" xlink:from="us-gaap_CashCashEquivalentsRestrictedCashAndRestrictedCashEquivalentsPeriodIncreaseDecreaseIncludingExchangeRateEffect" xlink:to="us-gaap_NetCashProvidedByUsedInOperatingActivities" order="0" weight="1.00" use="optional"/>
    <link:calculationArc xlink:type="arc" xlink:arcrole="http://www.xbrl.org/2003/arcrole/summation-item" xlink:from="us-gaap_NetCashProvidedByUsedInOperatingActivities" xlink:to="us-gaap_NetIncomeLoss" order="0" weight="1.00" use="optional"/>
    <link:calculationArc xlink:type="arc" xlink:arcrole="http://www.xbrl.org/2003/arcrole/summation-item" xlink:from="us-gaap_NetCashProvidedByUsedInInvestingActivities" xlink:to="us-gaap_PaymentsToAcquirePropertyPlantAndEquipment" order="0" weight="-1.00" use="optional"/>
    <link:calculationArc xlink:type="arc" xlink:arcrole="http://www.xbrl.org/2003/arcrole/summation-item" xlink:from="us-gaap_NetCashProvidedByUsedInFinancingActivities" xlink:to="us-gaap_ProceedsFromIssuanceOfCommonStock" order="1" weight="1.00" use="optional"/>
    <link:calculationArc xlink:type="arc" xlink:arcrole="http://www.xbrl.org/2003/arcrole/summation-item" xlink:from="us-gaap_CashCashEquivalentsRestrictedCashAndRestrictedCashEquivalentsPeriodIncreaseDecreaseIncludingExchangeRateEffect" xlink:to="us-gaap_NetCashProvidedByUsedInFinancingActivities" order="1" weight="1.00" use="optional"/>
    <link:calculationArc xlink:type="arc" xlink:arcrole="http://www.xbrl.org/2003/arcrole/summation-item" xlink:from="us-gaap_NetCashProvidedByUsedInOperatingActivities" xlink:to="msft_DepreciationAmortizationAndOther" order="1" weight="1.00" use="optional"/>
    <link:calculationArc xlink:type="arc" xlink:arcrole="http://www.xbrl.org/2003/arcrole/summation-item" xlink:from="us-gaap_NetCashProvidedByUsedInInvestingActivities" xlink:to="msft_AcquisitionsNetOfCashAcquiredAndPurchasesOfIntangibleAndOtherAssets" order="1" weight="-1.00" use="optional"/>
    <link:calculationArc xlink:type="arc" xlink:arcrole="http://www.xbrl.org/2003/arcrole/summation-item" xlink:from="us-gaap_NetCashProvidedByUsedInFinancingActivities" xlink:to="us-gaap_PaymentsForRepurchaseOfCommonStock" order="2" weight="-1.00" use="optional"/>
    <link:calculationArc xlink:type="arc" xlink:arcrole="http://www.xbrl.org/2003/arcrole/summation-item" xlink:from="us-gaap_CashCashEquivalentsRestrictedCashAndRestrictedCashEquivalentsPeriodIncreaseDecreaseIncludingExchangeRateEffect" xlink:to="us-gaap_NetCashProvidedByUsedInInvestingActivities" order="2" weight="1.00" use="optional"/>
    <link:calculationArc xlink:type="arc" xlink:arcrole="http://www.xbrl.org/2003/arcrole/summation-item" xlink:from="us-gaap_NetCashProvidedByUsedInOperatingActivities" xlink:to="us-gaap_ShareBasedCompensation" order="2" weight="1.00" use="optional"/>
    <link:calculationArc xlink:type="arc" xlink:arcrole="http://www.xbrl.org/2003/arcrole/summation-item" xlink:from="us-gaap_NetCashProvidedByUsedInInvestingActivities" xlink:to="us-gaap_PaymentsToAcquireInvestments" order="2" weight="-1.00" use="optional"/>
    <link:calculationArc xlink:type="arc" xlink:arcrole="http://www.xbrl.org/2003/arcrole/summation-item" xlink:from="us-gaap_NetCashProvidedByUsedInFinancingActivities" xlink:to="us-gaap_PaymentsOfDividendsCommonStock" order="3" weight="-1.00" use="optional"/>
    <link:calculationArc xlink:type="arc" xlink:arcrole="http://www.xbrl.org/2003/arcrole/summation-item" xlink:from="us-gaap_CashCashEquivalentsRestrictedCashAndRestrictedCashEquivalentsPeriodIncreaseDecreaseIncludingExchangeRateEffect" xlink:to="us-gaap_EffectOfExchangeRateOnCashCashEquivalentsRestrictedCashAndRestrictedCashEquivalentsIncludingDisposalGroupAndDiscontinuedOperations" order="3" weight="1.00" use="optional"/>
    <link:calculationArc xlink:type="arc" xlink:arcrole="http://www.xbrl.org/2003/arcrole/summation-item" xlink:from="us-gaap_NetCashProvidedByUsedInOperatingActivities" xlink:to="msft_GainLossOnInvestmentsAndDerivativeInstruments" order="3" weight="-1.00" use="optional"/>
    <link:calculationArc xlink:type="arc" xlink:arcrole="http://www.xbrl.org/2003/arcrole/summation-item" xlink:from="us-gaap_NetCashProvidedByUsedInInvestingActivities" xlink:to="us-gaap_ProceedsFromMaturitiesPrepaymentsAndCallsOfAvailableForSaleSecurities" order="3" weight="1.00" use="optional"/>
    <link:calculationArc xlink:type="arc" xlink:arcrole="http://www.xbrl.org/2003/arcrole/summation-item" xlink:from="us-gaap_NetCashProvidedByUsedInFinancingActivities" xlink:to="us-gaap_ProceedsFromPaymentsForOtherFinancingActivities" order="4" weight="1.00" use="optional"/>
    <link:calculationArc xlink:type="arc" xlink:arcrole="http://www.xbrl.org/2003/arcrole/summation-item" xlink:from="us-gaap_NetCashProvidedByUsedInOperatingActivities" xlink:to="us-gaap_DeferredIncomeTaxExpenseBenefit" order="4" weight="1.00" use="optional"/>
    <link:calculationArc xlink:type="arc" xlink:arcrole="http://www.xbrl.org/2003/arcrole/summation-item" xlink:from="us-gaap_NetCashProvidedByUsedInInvestingActivities" xlink:to="msft_ProceedsFromInvestments" order="4" weight="1.00" use="optional"/>
    <link:calculationArc xlink:type="arc" xlink:arcrole="http://www.xbrl.org/2003/arcrole/summation-item" xlink:from="us-gaap_NetCashProvidedByUsedInOperatingActivities" xlink:to="us-gaap_IncreaseDecreaseInAccountsReceivable" order="5" weight="-1.00" use="optional"/>
    <link:calculationArc xlink:type="arc" xlink:arcrole="http://www.xbrl.org/2003/arcrole/summation-item" xlink:from="us-gaap_NetCashProvidedByUsedInInvestingActivities" xlink:to="us-gaap_PaymentsForProceedsFromOtherInvestingActivities" order="5" weight="-1.00" use="optional"/>
    <link:calculationArc xlink:type="arc" xlink:arcrole="http://www.xbrl.org/2003/arcrole/summation-item" xlink:from="us-gaap_NetCashProvidedByUsedInOperatingActivities" xlink:to="us-gaap_IncreaseDecreaseInInventories" order="6" weight="-1.00" use="optional"/>
    <link:calculationArc xlink:type="arc" xlink:arcrole="http://www.xbrl.org/2003/arcrole/summation-item" xlink:from="us-gaap_NetCashProvidedByUsedInOperatingActivities" xlink:to="us-gaap_IncreaseDecreaseInOtherCurrentAssets" order="7" weight="-1.00" use="optional"/>
    <link:calculationArc xlink:type="arc" xlink:arcrole="http://www.xbrl.org/2003/arcrole/summation-item" xlink:from="us-gaap_NetCashProvidedByUsedInOperatingActivities" xlink:to="us-gaap_IncreaseDecreaseInOtherNoncurrentAssets" order="8" weight="-1.00" use="optional"/>
    <link:calculationArc xlink:type="arc" xlink:arcrole="http://www.xbrl.org/2003/arcrole/summation-item" xlink:from="us-gaap_NetCashProvidedByUsedInOperatingActivities" xlink:to="us-gaap_IncreaseDecreaseInAccountsPayable" order="9" weight="1.00" use="optional"/>
    <link:calculationArc xlink:type="arc" xlink:arcrole="http://www.xbrl.org/2003/arcrole/summation-item" xlink:from="us-gaap_NetCashProvidedByUsedInOperatingActivities" xlink:to="us-gaap_IncreaseDecreaseInContractWithCustomerLiability" order="10" weight="1.00" use="optional"/>
    <link:calculationArc xlink:type="arc" xlink:arcrole="http://www.xbrl.org/2003/arcrole/summation-item" xlink:from="us-gaap_NetCashProvidedByUsedInOperatingActivities" xlink:to="us-gaap_IncreaseDecreaseInAccruedIncomeTaxesPayable" order="11" weight="1.00" use="optional"/>
    <link:calculationArc xlink:type="arc" xlink:arcrole="http://www.xbrl.org/2003/arcrole/summation-item" xlink:from="us-gaap_NetCashProvidedByUsedInOperatingActivities" xlink:to="us-gaap_IncreaseDecreaseInOtherCurrentLiabilities" order="12" weight="1.00" use="optional"/>
    <link:calculationArc xlink:type="arc" xlink:arcrole="http://www.xbrl.org/2003/arcrole/summation-item" xlink:from="us-gaap_NetCashProvidedByUsedInOperatingActivities" xlink:to="us-gaap_IncreaseDecreaseInOtherNoncurrentLiabilities" order="13" weight="1.00" use="optional"/>
    <link:loc xlink:type="locator" xlink:href="https://xbrl.fasb.org/us-gaap/2022/elts/us-gaap-2022.xsd#us-gaap_NetCashProvidedByUsedInFinancingActivities" xlink:label="us-gaap_NetCashProvidedByUsedInFinancingActivities"/>
    <link:loc xlink:type="locator" xlink:href="https://xbrl.fasb.org/us-gaap/2022/elts/us-gaap-2022.xsd#us-gaap_RepaymentsOfDebtMaturingInMoreThanThreeMonths" xlink:label="us-gaap_RepaymentsOfDebtMaturingInMoreThanThreeMonths"/>
    <link:loc xlink:type="locator" xlink:href="https://xbrl.fasb.org/us-gaap/2022/elts/us-gaap-2022.xsd#us-gaap_CashCashEquivalentsRestrictedCashAndRestrictedCashEquivalentsPeriodIncreaseDecreaseIncludingExchangeRateEffect" xlink:label="us-gaap_CashCashEquivalentsRestrictedCashAndRestrictedCashEquivalentsPeriodIncreaseDecreaseIncludingExchangeRateEffect"/>
    <link:loc xlink:type="locator" xlink:href="https://xbrl.fasb.org/us-gaap/2022/elts/us-gaap-2022.xsd#us-gaap_NetCashProvidedByUsedInOperatingActivities" xlink:label="us-gaap_NetCashProvidedByUsedInOperatingActivities"/>
    <link:loc xlink:type="locator" xlink:href="https://xbrl.fasb.org/us-gaap/2022/elts/us-gaap-2022.xsd#us-gaap_NetIncomeLoss" xlink:label="us-gaap_NetIncomeLoss"/>
    <link:loc xlink:type="locator" xlink:href="https://xbrl.fasb.org/us-gaap/2022/elts/us-gaap-2022.xsd#us-gaap_NetCashProvidedByUsedInInvestingActivities" xlink:label="us-gaap_NetCashProvidedByUsedInInvestingActivities"/>
    <link:loc xlink:type="locator" xlink:href="https://xbrl.fasb.org/us-gaap/2022/elts/us-gaap-2022.xsd#us-gaap_PaymentsToAcquirePropertyPlantAndEquipment" xlink:label="us-gaap_PaymentsToAcquirePropertyPlantAndEquipment"/>
    <link:loc xlink:type="locator" xlink:href="https://xbrl.fasb.org/us-gaap/2022/elts/us-gaap-2022.xsd#us-gaap_ProceedsFromIssuanceOfCommonStock" xlink:label="us-gaap_ProceedsFromIssuanceOfCommonStock"/>
    <link:loc xlink:type="locator" xlink:href="msft-20230331.xsd#msft_DepreciationAmortizationAndOther" xlink:label="msft_DepreciationAmortizationAndOther"/>
    <link:loc xlink:type="locator" xlink:href="msft-20230331.xsd#msft_AcquisitionsNetOfCashAcquiredAndPurchasesOfIntangibleAndOtherAssets" xlink:label="msft_AcquisitionsNetOfCashAcquiredAndPurchasesOfIntangibleAndOtherAssets"/>
    <link:loc xlink:type="locator" xlink:href="https://xbrl.fasb.org/us-gaap/2022/elts/us-gaap-2022.xsd#us-gaap_PaymentsForRepurchaseOfCommonStock" xlink:label="us-gaap_PaymentsForRepurchaseOfCommonStock"/>
    <link:loc xlink:type="locator" xlink:href="https://xbrl.fasb.org/us-gaap/2022/elts/us-gaap-2022.xsd#us-gaap_ShareBasedCompensation" xlink:label="us-gaap_ShareBasedCompensation"/>
    <link:loc xlink:type="locator" xlink:href="https://xbrl.fasb.org/us-gaap/2022/elts/us-gaap-2022.xsd#us-gaap_PaymentsToAcquireInvestments" xlink:label="us-gaap_PaymentsToAcquireInvestments"/>
    <link:loc xlink:type="locator" xlink:href="https://xbrl.fasb.org/us-gaap/2022/elts/us-gaap-2022.xsd#us-gaap_PaymentsOfDividendsCommonStock" xlink:label="us-gaap_PaymentsOfDividendsCommonStock"/>
    <link:loc xlink:type="locator" xlink:href="https://xbrl.fasb.org/us-gaap/2022/elts/us-gaap-2022.xsd#us-gaap_EffectOfExchangeRateOnCashCashEquivalentsRestrictedCashAndRestrictedCashEquivalentsIncludingDisposalGroupAndDiscontinuedOperations" xlink:label="us-gaap_EffectOfExchangeRateOnCashCashEquivalentsRestrictedCashAndRestrictedCashEquivalentsIncludingDisposalGroupAndDiscontinuedOperations"/>
    <link:loc xlink:type="locator" xlink:href="msft-20230331.xsd#msft_GainLossOnInvestmentsAndDerivativeInstruments" xlink:label="msft_GainLossOnInvestmentsAndDerivativeInstruments"/>
    <link:loc xlink:type="locator" xlink:href="https://xbrl.fasb.org/us-gaap/2022/elts/us-gaap-2022.xsd#us-gaap_ProceedsFromMaturitiesPrepaymentsAndCallsOfAvailableForSaleSecurities" xlink:label="us-gaap_ProceedsFromMaturitiesPrepaymentsAndCallsOfAvailableForSaleSecurities"/>
    <link:loc xlink:type="locator" xlink:href="https://xbrl.fasb.org/us-gaap/2022/elts/us-gaap-2022.xsd#us-gaap_ProceedsFromPaymentsForOtherFinancingActivities" xlink:label="us-gaap_ProceedsFromPaymentsForOtherFinancingActivities"/>
    <link:loc xlink:type="locator" xlink:href="https://xbrl.fasb.org/us-gaap/2022/elts/us-gaap-2022.xsd#us-gaap_DeferredIncomeTaxExpenseBenefit" xlink:label="us-gaap_DeferredIncomeTaxExpenseBenefit"/>
    <link:loc xlink:type="locator" xlink:href="msft-20230331.xsd#msft_ProceedsFromInvestments" xlink:label="msft_ProceedsFromInvestments"/>
    <link:loc xlink:type="locator" xlink:href="https://xbrl.fasb.org/us-gaap/2022/elts/us-gaap-2022.xsd#us-gaap_IncreaseDecreaseInAccountsReceivable" xlink:label="us-gaap_IncreaseDecreaseInAccountsReceivable"/>
    <link:loc xlink:type="locator" xlink:href="https://xbrl.fasb.org/us-gaap/2022/elts/us-gaap-2022.xsd#us-gaap_PaymentsForProceedsFromOtherInvestingActivities" xlink:label="us-gaap_PaymentsForProceedsFromOtherInvestingActivities"/>
    <link:loc xlink:type="locator" xlink:href="https://xbrl.fasb.org/us-gaap/2022/elts/us-gaap-2022.xsd#us-gaap_IncreaseDecreaseInInventories" xlink:label="us-gaap_IncreaseDecreaseInInventories"/>
    <link:loc xlink:type="locator" xlink:href="https://xbrl.fasb.org/us-gaap/2022/elts/us-gaap-2022.xsd#us-gaap_IncreaseDecreaseInOtherCurrentAssets" xlink:label="us-gaap_IncreaseDecreaseInOtherCurrentAssets"/>
    <link:loc xlink:type="locator" xlink:href="https://xbrl.fasb.org/us-gaap/2022/elts/us-gaap-2022.xsd#us-gaap_IncreaseDecreaseInOtherNoncurrentAssets" xlink:label="us-gaap_IncreaseDecreaseInOtherNoncurrentAssets"/>
    <link:loc xlink:type="locator" xlink:href="https://xbrl.fasb.org/us-gaap/2022/elts/us-gaap-2022.xsd#us-gaap_IncreaseDecreaseInAccountsPayable" xlink:label="us-gaap_IncreaseDecreaseInAccountsPayable"/>
    <link:loc xlink:type="locator" xlink:href="https://xbrl.fasb.org/us-gaap/2022/elts/us-gaap-2022.xsd#us-gaap_IncreaseDecreaseInContractWithCustomerLiability" xlink:label="us-gaap_IncreaseDecreaseInContractWithCustomerLiability"/>
    <link:loc xlink:type="locator" xlink:href="https://xbrl.fasb.org/us-gaap/2022/elts/us-gaap-2022.xsd#us-gaap_IncreaseDecreaseInAccruedIncomeTaxesPayable" xlink:label="us-gaap_IncreaseDecreaseInAccruedIncomeTaxesPayable"/>
    <link:loc xlink:type="locator" xlink:href="https://xbrl.fasb.org/us-gaap/2022/elts/us-gaap-2022.xsd#us-gaap_IncreaseDecreaseInOtherCurrentLiabilities" xlink:label="us-gaap_IncreaseDecreaseInOtherCurrentLiabilities"/>
    <link:loc xlink:type="locator" xlink:href="https://xbrl.fasb.org/us-gaap/2022/elts/us-gaap-2022.xsd#us-gaap_IncreaseDecreaseInOtherNoncurrentLiabilities" xlink:label="us-gaap_IncreaseDecreaseInOtherNoncurrentLiabilities"/>
  </link:calculationLink>
  <link:calculationLink xlink:type="extended" xlink:role="http://www.microsoft.com/20230331/taxonomy/role/Role_DisclosureBasicAndDilutedEarningsPerShareDetail">
    <link:calculationArc xlink:type="arc" xlink:arcrole="http://www.xbrl.org/2003/arcrole/summation-item" xlink:from="us-gaap_WeightedAverageNumberOfDilutedSharesOutstanding" xlink:to="us-gaap_WeightedAverageNumberOfSharesOutstandingBasic" order="0" weight="1.00" use="optional"/>
    <link:calculationArc xlink:type="arc" xlink:arcrole="http://www.xbrl.org/2003/arcrole/summation-item" xlink:from="us-gaap_WeightedAverageNumberOfDilutedSharesOutstanding" xlink:to="us-gaap_IncrementalCommonSharesAttributableToShareBasedPaymentArrangements" order="1" weight="1.00" use="optional"/>
    <link:loc xlink:type="locator" xlink:href="https://xbrl.fasb.org/us-gaap/2022/elts/us-gaap-2022.xsd#us-gaap_WeightedAverageNumberOfDilutedSharesOutstanding" xlink:label="us-gaap_WeightedAverageNumberOfDilutedSharesOutstanding"/>
    <link:loc xlink:type="locator" xlink:href="https://xbrl.fasb.org/us-gaap/2022/elts/us-gaap-2022.xsd#us-gaap_WeightedAverageNumberOfSharesOutstandingBasic" xlink:label="us-gaap_WeightedAverageNumberOfSharesOutstandingBasic"/>
    <link:loc xlink:type="locator" xlink:href="https://xbrl.fasb.org/us-gaap/2022/elts/us-gaap-2022.xsd#us-gaap_IncrementalCommonSharesAttributableToShareBasedPaymentArrangements" xlink:label="us-gaap_IncrementalCommonSharesAttributableToShareBasedPaymentArrangements"/>
  </link:calculationLink>
  <link:calculationLink xlink:type="extended" xlink:role="http://www.microsoft.com/20230331/taxonomy/role/Role_DisclosureComponentsOfOtherIncomeExpenseNetDetail">
    <link:calculationArc xlink:type="arc" xlink:arcrole="http://www.xbrl.org/2003/arcrole/summation-item" xlink:from="us-gaap_NonoperatingIncomeExpense" xlink:to="us-gaap_InvestmentIncomeNet" order="0" weight="1.00" use="optional"/>
    <link:calculationArc xlink:type="arc" xlink:arcrole="http://www.xbrl.org/2003/arcrole/summation-item" xlink:from="us-gaap_NonoperatingIncomeExpense" xlink:to="us-gaap_InterestExpense" order="1" weight="-1.00" use="optional"/>
    <link:calculationArc xlink:type="arc" xlink:arcrole="http://www.xbrl.org/2003/arcrole/summation-item" xlink:from="us-gaap_NonoperatingIncomeExpense" xlink:to="us-gaap_GainLossOnInvestments" order="2" weight="1.00" use="optional"/>
    <link:calculationArc xlink:type="arc" xlink:arcrole="http://www.xbrl.org/2003/arcrole/summation-item" xlink:from="us-gaap_NonoperatingIncomeExpense" xlink:to="us-gaap_GainLossOnDerivativeInstrumentsNetPretax" order="3" weight="1.00" use="optional"/>
    <link:calculationArc xlink:type="arc" xlink:arcrole="http://www.xbrl.org/2003/arcrole/summation-item" xlink:from="us-gaap_NonoperatingIncomeExpense" xlink:to="us-gaap_ForeignCurrencyTransactionGainLossBeforeTax" order="4" weight="1.00" use="optional"/>
    <link:calculationArc xlink:type="arc" xlink:arcrole="http://www.xbrl.org/2003/arcrole/summation-item" xlink:from="us-gaap_NonoperatingIncomeExpense" xlink:to="us-gaap_OtherNonoperatingIncomeExpense" order="5" weight="1.00" use="optional"/>
    <link:loc xlink:type="locator" xlink:href="https://xbrl.fasb.org/us-gaap/2022/elts/us-gaap-2022.xsd#us-gaap_NonoperatingIncomeExpense" xlink:label="us-gaap_NonoperatingIncomeExpense"/>
    <link:loc xlink:type="locator" xlink:href="https://xbrl.fasb.org/us-gaap/2022/elts/us-gaap-2022.xsd#us-gaap_InvestmentIncomeNet" xlink:label="us-gaap_InvestmentIncomeNet"/>
    <link:loc xlink:type="locator" xlink:href="https://xbrl.fasb.org/us-gaap/2022/elts/us-gaap-2022.xsd#us-gaap_InterestExpense" xlink:label="us-gaap_InterestExpense"/>
    <link:loc xlink:type="locator" xlink:href="https://xbrl.fasb.org/us-gaap/2022/elts/us-gaap-2022.xsd#us-gaap_GainLossOnInvestments" xlink:label="us-gaap_GainLossOnInvestments"/>
    <link:loc xlink:type="locator" xlink:href="https://xbrl.fasb.org/us-gaap/2022/elts/us-gaap-2022.xsd#us-gaap_GainLossOnDerivativeInstrumentsNetPretax" xlink:label="us-gaap_GainLossOnDerivativeInstrumentsNetPretax"/>
    <link:loc xlink:type="locator" xlink:href="https://xbrl.fasb.org/us-gaap/2022/elts/us-gaap-2022.xsd#us-gaap_ForeignCurrencyTransactionGainLossBeforeTax" xlink:label="us-gaap_ForeignCurrencyTransactionGainLossBeforeTax"/>
    <link:loc xlink:type="locator" xlink:href="https://xbrl.fasb.org/us-gaap/2022/elts/us-gaap-2022.xsd#us-gaap_OtherNonoperatingIncomeExpense" xlink:label="us-gaap_OtherNonoperatingIncomeExpense"/>
  </link:calculationLink>
  <link:calculationLink xlink:type="extended" xlink:role="http://www.microsoft.com/20230331/taxonomy/role/Role_DisclosureNetRecognizedGainsLossesOnDebtInvestmentsDetail">
    <link:calculationArc xlink:type="arc" xlink:arcrole="http://www.xbrl.org/2003/arcrole/summation-item" xlink:from="us-gaap_GainLossOnInvestments" xlink:to="us-gaap_DebtSecuritiesAvailableForSaleRealizedGain" order="0" weight="1.00" use="optional"/>
    <link:calculationArc xlink:type="arc" xlink:arcrole="http://www.xbrl.org/2003/arcrole/summation-item" xlink:from="us-gaap_GainLossOnInvestments" xlink:to="us-gaap_DebtSecuritiesAvailableForSaleRealizedLoss" order="1" weight="-1.00" use="optional"/>
    <link:calculationArc xlink:type="arc" xlink:arcrole="http://www.xbrl.org/2003/arcrole/summation-item" xlink:from="us-gaap_GainLossOnInvestments" xlink:to="msft_CreditLossAllowanceAndImpairmentOfInvestments" order="2" weight="-1.00" use="optional"/>
    <link:loc xlink:type="locator" xlink:href="https://xbrl.fasb.org/us-gaap/2022/elts/us-gaap-2022.xsd#us-gaap_GainLossOnInvestments" xlink:label="us-gaap_GainLossOnInvestments"/>
    <link:loc xlink:type="locator" xlink:href="https://xbrl.fasb.org/us-gaap/2022/elts/us-gaap-2022.xsd#us-gaap_DebtSecuritiesAvailableForSaleRealizedGain" xlink:label="us-gaap_DebtSecuritiesAvailableForSaleRealizedGain"/>
    <link:loc xlink:type="locator" xlink:href="https://xbrl.fasb.org/us-gaap/2022/elts/us-gaap-2022.xsd#us-gaap_DebtSecuritiesAvailableForSaleRealizedLoss" xlink:label="us-gaap_DebtSecuritiesAvailableForSaleRealizedLoss"/>
    <link:loc xlink:type="locator" xlink:href="msft-20230331.xsd#msft_CreditLossAllowanceAndImpairmentOfInvestments" xlink:label="msft_CreditLossAllowanceAndImpairmentOfInvestments"/>
  </link:calculationLink>
  <link:calculationLink xlink:type="extended" xlink:role="http://www.microsoft.com/20230331/taxonomy/role/Role_DisclosureNetRecognizedGainsLossesOnEquityInvestmentsDetail">
    <link:calculationArc xlink:type="arc" xlink:arcrole="http://www.xbrl.org/2003/arcrole/summation-item" xlink:from="us-gaap_GainLossOnInvestments" xlink:to="us-gaap_EquitySecuritiesFvNiRealizedGainLoss" order="0" weight="1.00" use="optional"/>
    <link:calculationArc xlink:type="arc" xlink:arcrole="http://www.xbrl.org/2003/arcrole/summation-item" xlink:from="us-gaap_GainLossOnInvestments" xlink:to="us-gaap_EquitySecuritiesFvNiUnrealizedGainLoss" order="1" weight="1.00" use="optional"/>
    <link:calculationArc xlink:type="arc" xlink:arcrole="http://www.xbrl.org/2003/arcrole/summation-item" xlink:from="us-gaap_GainLossOnInvestments" xlink:to="msft_ImpairmentOfEquityInvestments" order="2" weight="-1.00" use="optional"/>
    <link:loc xlink:type="locator" xlink:href="https://xbrl.fasb.org/us-gaap/2022/elts/us-gaap-2022.xsd#us-gaap_GainLossOnInvestments" xlink:label="us-gaap_GainLossOnInvestments"/>
    <link:loc xlink:type="locator" xlink:href="https://xbrl.fasb.org/us-gaap/2022/elts/us-gaap-2022.xsd#us-gaap_EquitySecuritiesFvNiRealizedGainLoss" xlink:label="us-gaap_EquitySecuritiesFvNiRealizedGainLoss"/>
    <link:loc xlink:type="locator" xlink:href="https://xbrl.fasb.org/us-gaap/2022/elts/us-gaap-2022.xsd#us-gaap_EquitySecuritiesFvNiUnrealizedGainLoss" xlink:label="us-gaap_EquitySecuritiesFvNiUnrealizedGainLoss"/>
    <link:loc xlink:type="locator" xlink:href="msft-20230331.xsd#msft_ImpairmentOfEquityInvestments" xlink:label="msft_ImpairmentOfEquityInvestments"/>
  </link:calculationLink>
  <link:calculationLink xlink:type="extended" xlink:role="http://www.microsoft.com/20230331/taxonomy/role/Role_DisclosureInvestmentComponentsDetail">
    <link:calculationArc xlink:type="arc" xlink:arcrole="http://www.xbrl.org/2003/arcrole/summation-item" xlink:from="us-gaap_AvailableForSaleDebtSecuritiesAmortizedCostBasis" xlink:to="us-gaap_AvailableForSaleDebtSecuritiesAccumulatedGrossUnrealizedGainBeforeTax" order="0" weight="-1.00" use="optional"/>
    <link:calculationArc xlink:type="arc" xlink:arcrole="http://www.xbrl.org/2003/arcrole/summation-item" xlink:from="msft_CashCashEquivalentsAndInvestments" xlink:to="us-gaap_CashAndCashEquivalentsAtCarryingValue" order="0" weight="1.00" use="optional"/>
    <link:calculationArc xlink:type="arc" xlink:arcrole="http://www.xbrl.org/2003/arcrole/summation-item" xlink:from="us-gaap_AvailableForSaleDebtSecuritiesAmortizedCostBasis" xlink:to="us-gaap_AvailableForSaleDebtSecuritiesAccumulatedGrossUnrealizedLossBeforeTax" order="1" weight="1.00" use="optional"/>
    <link:calculationArc xlink:type="arc" xlink:arcrole="http://www.xbrl.org/2003/arcrole/summation-item" xlink:from="msft_CashCashEquivalentsAndInvestments" xlink:to="us-gaap_ShortTermInvestments" order="1" weight="1.00" use="optional"/>
    <link:calculationArc xlink:type="arc" xlink:arcrole="http://www.xbrl.org/2003/arcrole/summation-item" xlink:from="us-gaap_AvailableForSaleDebtSecuritiesAmortizedCostBasis" xlink:to="us-gaap_AvailableForSaleSecuritiesDebtSecurities" order="2" weight="1.00" use="optional"/>
    <link:calculationArc xlink:type="arc" xlink:arcrole="http://www.xbrl.org/2003/arcrole/summation-item" xlink:from="msft_CashCashEquivalentsAndInvestments" xlink:to="us-gaap_LongTermInvestments" order="2" weight="1.00" use="optional"/>
    <link:loc xlink:type="locator" xlink:href="https://xbrl.fasb.org/us-gaap/2022/elts/us-gaap-2022.xsd#us-gaap_AvailableForSaleDebtSecuritiesAmortizedCostBasis" xlink:label="us-gaap_AvailableForSaleDebtSecuritiesAmortizedCostBasis"/>
    <link:loc xlink:type="locator" xlink:href="https://xbrl.fasb.org/us-gaap/2022/elts/us-gaap-2022.xsd#us-gaap_AvailableForSaleDebtSecuritiesAccumulatedGrossUnrealizedGainBeforeTax" xlink:label="us-gaap_AvailableForSaleDebtSecuritiesAccumulatedGrossUnrealizedGainBeforeTax"/>
    <link:loc xlink:type="locator" xlink:href="msft-20230331.xsd#msft_CashCashEquivalentsAndInvestments" xlink:label="msft_CashCashEquivalentsAndInvestments"/>
    <link:loc xlink:type="locator" xlink:href="https://xbrl.fasb.org/us-gaap/2022/elts/us-gaap-2022.xsd#us-gaap_CashAndCashEquivalentsAtCarryingValue" xlink:label="us-gaap_CashAndCashEquivalentsAtCarryingValue"/>
    <link:loc xlink:type="locator" xlink:href="https://xbrl.fasb.org/us-gaap/2022/elts/us-gaap-2022.xsd#us-gaap_AvailableForSaleDebtSecuritiesAccumulatedGrossUnrealizedLossBeforeTax" xlink:label="us-gaap_AvailableForSaleDebtSecuritiesAccumulatedGrossUnrealizedLossBeforeTax"/>
    <link:loc xlink:type="locator" xlink:href="https://xbrl.fasb.org/us-gaap/2022/elts/us-gaap-2022.xsd#us-gaap_ShortTermInvestments" xlink:label="us-gaap_ShortTermInvestments"/>
    <link:loc xlink:type="locator" xlink:href="https://xbrl.fasb.org/us-gaap/2022/elts/us-gaap-2022.xsd#us-gaap_AvailableForSaleSecuritiesDebtSecurities" xlink:label="us-gaap_AvailableForSaleSecuritiesDebtSecurities"/>
    <link:loc xlink:type="locator" xlink:href="https://xbrl.fasb.org/us-gaap/2022/elts/us-gaap-2022.xsd#us-gaap_LongTermInvestments" xlink:label="us-gaap_LongTermInvestments"/>
  </link:calculationLink>
  <link:calculationLink xlink:type="extended" xlink:role="http://www.microsoft.com/20230331/taxonomy/role/Role_DisclosureUnrealizedLossesOnDebtInvestmentsDetail">
    <link:calculationArc xlink:type="arc" xlink:arcrole="http://www.xbrl.org/2003/arcrole/summation-item" xlink:from="us-gaap_DebtSecuritiesAvailableForSaleUnrealizedLossPosition" xlink:to="us-gaap_DebtSecuritiesAvailableForSaleContinuousUnrealizedLossPositionLessThan12Months" order="0" weight="1.00" use="optional"/>
    <link:calculationArc xlink:type="arc" xlink:arcrole="http://www.xbrl.org/2003/arcrole/summation-item" xlink:from="us-gaap_DebtSecuritiesAvailableForSaleUnrealizedLossPositionAccumulatedLoss" xlink:to="us-gaap_DebtSecuritiesAvailableForSaleContinuousUnrealizedLossPositionLessThan12MonthsAccumulatedLoss" order="0" weight="1.00" use="optional"/>
    <link:calculationArc xlink:type="arc" xlink:arcrole="http://www.xbrl.org/2003/arcrole/summation-item" xlink:from="us-gaap_DebtSecuritiesAvailableForSaleUnrealizedLossPosition" xlink:to="us-gaap_DebtSecuritiesAvailableForSaleContinuousUnrealizedLossPosition12MonthsOrLonger" order="1" weight="1.00" use="optional"/>
    <link:calculationArc xlink:type="arc" xlink:arcrole="http://www.xbrl.org/2003/arcrole/summation-item" xlink:from="us-gaap_DebtSecuritiesAvailableForSaleUnrealizedLossPositionAccumulatedLoss" xlink:to="us-gaap_DebtSecuritiesAvailableForSaleContinuousUnrealizedLossPosition12MonthsOrLongerAccumulatedLoss" order="1" weight="1.00" use="optional"/>
    <link:loc xlink:type="locator" xlink:href="https://xbrl.fasb.org/us-gaap/2022/elts/us-gaap-2022.xsd#us-gaap_DebtSecuritiesAvailableForSaleUnrealizedLossPosition" xlink:label="us-gaap_DebtSecuritiesAvailableForSaleUnrealizedLossPosition"/>
    <link:loc xlink:type="locator" xlink:href="https://xbrl.fasb.org/us-gaap/2022/elts/us-gaap-2022.xsd#us-gaap_DebtSecuritiesAvailableForSaleContinuousUnrealizedLossPositionLessThan12Months" xlink:label="us-gaap_DebtSecuritiesAvailableForSaleContinuousUnrealizedLossPositionLessThan12Months"/>
    <link:loc xlink:type="locator" xlink:href="https://xbrl.fasb.org/us-gaap/2022/elts/us-gaap-2022.xsd#us-gaap_DebtSecuritiesAvailableForSaleUnrealizedLossPositionAccumulatedLoss" xlink:label="us-gaap_DebtSecuritiesAvailableForSaleUnrealizedLossPositionAccumulatedLoss"/>
    <link:loc xlink:type="locator" xlink:href="https://xbrl.fasb.org/us-gaap/2022/elts/us-gaap-2022.xsd#us-gaap_DebtSecuritiesAvailableForSaleContinuousUnrealizedLossPositionLessThan12MonthsAccumulatedLoss" xlink:label="us-gaap_DebtSecuritiesAvailableForSaleContinuousUnrealizedLossPositionLessThan12MonthsAccumulatedLoss"/>
    <link:loc xlink:type="locator" xlink:href="https://xbrl.fasb.org/us-gaap/2022/elts/us-gaap-2022.xsd#us-gaap_DebtSecuritiesAvailableForSaleContinuousUnrealizedLossPosition12MonthsOrLonger" xlink:label="us-gaap_DebtSecuritiesAvailableForSaleContinuousUnrealizedLossPosition12MonthsOrLonger"/>
    <link:loc xlink:type="locator" xlink:href="https://xbrl.fasb.org/us-gaap/2022/elts/us-gaap-2022.xsd#us-gaap_DebtSecuritiesAvailableForSaleContinuousUnrealizedLossPosition12MonthsOrLongerAccumulatedLoss" xlink:label="us-gaap_DebtSecuritiesAvailableForSaleContinuousUnrealizedLossPosition12MonthsOrLongerAccumulatedLoss"/>
  </link:calculationLink>
  <link:calculationLink xlink:type="extended" xlink:role="http://www.microsoft.com/20230331/taxonomy/role/Role_DisclosureDebtInvestmentMaturitiesDetail">
    <link:calculationArc xlink:type="arc" xlink:arcrole="http://www.xbrl.org/2003/arcrole/summation-item" xlink:from="us-gaap_AvailableForSaleDebtSecuritiesAmortizedCostBasis" xlink:to="us-gaap_AvailableForSaleSecuritiesDebtMaturitiesNextRollingTwelveMonthsAmortizedCostBasis" order="0" weight="1.00" use="optional"/>
    <link:calculationArc xlink:type="arc" xlink:arcrole="http://www.xbrl.org/2003/arcrole/summation-item" xlink:from="us-gaap_AvailableForSaleSecuritiesDebtSecurities" xlink:to="us-gaap_AvailableForSaleSecuritiesDebtMaturitiesNextRollingTwelveMonthsFairValue" order="0" weight="1.00" use="optional"/>
    <link:calculationArc xlink:type="arc" xlink:arcrole="http://www.xbrl.org/2003/arcrole/summation-item" xlink:from="us-gaap_AvailableForSaleDebtSecuritiesAmortizedCostBasis" xlink:to="us-gaap_AvailableForSaleSecuritiesDebtMaturitiesRollingYearTwoThroughFiveAmortizedCostBasis" order="1" weight="1.00" use="optional"/>
    <link:calculationArc xlink:type="arc" xlink:arcrole="http://www.xbrl.org/2003/arcrole/summation-item" xlink:from="us-gaap_AvailableForSaleSecuritiesDebtSecurities" xlink:to="us-gaap_AvailableForSaleSecuritiesDebtMaturitiesRollingYearTwoThroughFiveFairValue" order="1" weight="1.00" use="optional"/>
    <link:calculationArc xlink:type="arc" xlink:arcrole="http://www.xbrl.org/2003/arcrole/summation-item" xlink:from="us-gaap_AvailableForSaleDebtSecuritiesAmortizedCostBasis" xlink:to="us-gaap_AvailableForSaleSecuritiesDebtMaturitiesRollingYearSixThroughTenAmortizedCostBasis" order="2" weight="1.00" use="optional"/>
    <link:calculationArc xlink:type="arc" xlink:arcrole="http://www.xbrl.org/2003/arcrole/summation-item" xlink:from="us-gaap_AvailableForSaleSecuritiesDebtSecurities" xlink:to="us-gaap_AvailableForSaleSecuritiesDebtMaturitiesRollingYearSixThroughTenFairValue" order="2" weight="1.00" use="optional"/>
    <link:calculationArc xlink:type="arc" xlink:arcrole="http://www.xbrl.org/2003/arcrole/summation-item" xlink:from="us-gaap_AvailableForSaleDebtSecuritiesAmortizedCostBasis" xlink:to="us-gaap_AvailableForSaleSecuritiesDebtMaturitiesRollingAfterYearTenAmortizedCostBasis" order="3" weight="1.00" use="optional"/>
    <link:calculationArc xlink:type="arc" xlink:arcrole="http://www.xbrl.org/2003/arcrole/summation-item" xlink:from="us-gaap_AvailableForSaleSecuritiesDebtSecurities" xlink:to="us-gaap_AvailableForSaleSecuritiesDebtMaturitiesRollingAfterYearTenFairValue" order="3" weight="1.00" use="optional"/>
    <link:loc xlink:type="locator" xlink:href="https://xbrl.fasb.org/us-gaap/2022/elts/us-gaap-2022.xsd#us-gaap_AvailableForSaleDebtSecuritiesAmortizedCostBasis" xlink:label="us-gaap_AvailableForSaleDebtSecuritiesAmortizedCostBasis"/>
    <link:loc xlink:type="locator" xlink:href="https://xbrl.fasb.org/us-gaap/2022/elts/us-gaap-2022.xsd#us-gaap_AvailableForSaleSecuritiesDebtMaturitiesNextRollingTwelveMonthsAmortizedCostBasis" xlink:label="us-gaap_AvailableForSaleSecuritiesDebtMaturitiesNextRollingTwelveMonthsAmortizedCostBasis"/>
    <link:loc xlink:type="locator" xlink:href="https://xbrl.fasb.org/us-gaap/2022/elts/us-gaap-2022.xsd#us-gaap_AvailableForSaleSecuritiesDebtSecurities" xlink:label="us-gaap_AvailableForSaleSecuritiesDebtSecurities"/>
    <link:loc xlink:type="locator" xlink:href="https://xbrl.fasb.org/us-gaap/2022/elts/us-gaap-2022.xsd#us-gaap_AvailableForSaleSecuritiesDebtMaturitiesNextRollingTwelveMonthsFairValue" xlink:label="us-gaap_AvailableForSaleSecuritiesDebtMaturitiesNextRollingTwelveMonthsFairValue"/>
    <link:loc xlink:type="locator" xlink:href="https://xbrl.fasb.org/us-gaap/2022/elts/us-gaap-2022.xsd#us-gaap_AvailableForSaleSecuritiesDebtMaturitiesRollingYearTwoThroughFiveAmortizedCostBasis" xlink:label="us-gaap_AvailableForSaleSecuritiesDebtMaturitiesRollingYearTwoThroughFiveAmortizedCostBasis"/>
    <link:loc xlink:type="locator" xlink:href="https://xbrl.fasb.org/us-gaap/2022/elts/us-gaap-2022.xsd#us-gaap_AvailableForSaleSecuritiesDebtMaturitiesRollingYearTwoThroughFiveFairValue" xlink:label="us-gaap_AvailableForSaleSecuritiesDebtMaturitiesRollingYearTwoThroughFiveFairValue"/>
    <link:loc xlink:type="locator" xlink:href="https://xbrl.fasb.org/us-gaap/2022/elts/us-gaap-2022.xsd#us-gaap_AvailableForSaleSecuritiesDebtMaturitiesRollingYearSixThroughTenAmortizedCostBasis" xlink:label="us-gaap_AvailableForSaleSecuritiesDebtMaturitiesRollingYearSixThroughTenAmortizedCostBasis"/>
    <link:loc xlink:type="locator" xlink:href="https://xbrl.fasb.org/us-gaap/2022/elts/us-gaap-2022.xsd#us-gaap_AvailableForSaleSecuritiesDebtMaturitiesRollingYearSixThroughTenFairValue" xlink:label="us-gaap_AvailableForSaleSecuritiesDebtMaturitiesRollingYearSixThroughTenFairValue"/>
    <link:loc xlink:type="locator" xlink:href="https://xbrl.fasb.org/us-gaap/2022/elts/us-gaap-2022.xsd#us-gaap_AvailableForSaleSecuritiesDebtMaturitiesRollingAfterYearTenAmortizedCostBasis" xlink:label="us-gaap_AvailableForSaleSecuritiesDebtMaturitiesRollingAfterYearTenAmortizedCostBasis"/>
    <link:loc xlink:type="locator" xlink:href="https://xbrl.fasb.org/us-gaap/2022/elts/us-gaap-2022.xsd#us-gaap_AvailableForSaleSecuritiesDebtMaturitiesRollingAfterYearTenFairValue" xlink:label="us-gaap_AvailableForSaleSecuritiesDebtMaturitiesRollingAfterYearTenFairValue"/>
  </link:calculationLink>
  <link:calculationLink xlink:type="extended" xlink:role="http://www.microsoft.com/20230331/taxonomy/role/Role_DisclosureFairValuesOfDerivativeInstrumentsDetail">
    <link:calculationArc xlink:type="arc" xlink:arcrole="http://www.xbrl.org/2003/arcrole/summation-item" xlink:from="us-gaap_DerivativeLiabilities" xlink:to="us-gaap_DerivativeLiabilityFairValueGrossLiabilityIncludingNotSubjectToMasterNettingArrangement" order="0" weight="1.00" use="optional"/>
    <link:calculationArc xlink:type="arc" xlink:arcrole="http://www.xbrl.org/2003/arcrole/summation-item" xlink:from="us-gaap_DerivativeAssets" xlink:to="us-gaap_DerivativeAssetFairValueGrossAssetIncludingNotSubjectToMasterNettingArrangement" order="0" weight="1.00" use="optional"/>
    <link:calculationArc xlink:type="arc" xlink:arcrole="http://www.xbrl.org/2003/arcrole/summation-item" xlink:from="us-gaap_DerivativeLiabilities" xlink:to="us-gaap_DerivativeLiabilityFairValueGrossAsset" order="1" weight="-1.00" use="optional"/>
    <link:calculationArc xlink:type="arc" xlink:arcrole="http://www.xbrl.org/2003/arcrole/summation-item" xlink:from="us-gaap_DerivativeAssets" xlink:to="us-gaap_DerivativeAssetFairValueGrossLiability" order="1" weight="-1.00" use="optional"/>
    <link:calculationArc xlink:type="arc" xlink:arcrole="http://www.xbrl.org/2003/arcrole/summation-item" xlink:from="us-gaap_DerivativeLiabilities" xlink:to="us-gaap_DerivativeCollateralObligationToReturnCash" order="2" weight="1.00" use="optional"/>
    <link:calculationArc xlink:type="arc" xlink:arcrole="http://www.xbrl.org/2003/arcrole/summation-item" xlink:from="us-gaap_DerivativeAssets" xlink:to="us-gaap_DerivativeCollateralRightToReclaimCash" order="2" weight="1.00" use="optional"/>
    <link:loc xlink:type="locator" xlink:href="https://xbrl.fasb.org/us-gaap/2022/elts/us-gaap-2022.xsd#us-gaap_DerivativeLiabilities" xlink:label="us-gaap_DerivativeLiabilities"/>
    <link:loc xlink:type="locator" xlink:href="https://xbrl.fasb.org/us-gaap/2022/elts/us-gaap-2022.xsd#us-gaap_DerivativeLiabilityFairValueGrossLiabilityIncludingNotSubjectToMasterNettingArrangement" xlink:label="us-gaap_DerivativeLiabilityFairValueGrossLiabilityIncludingNotSubjectToMasterNettingArrangement"/>
    <link:loc xlink:type="locator" xlink:href="https://xbrl.fasb.org/us-gaap/2022/elts/us-gaap-2022.xsd#us-gaap_DerivativeAssets" xlink:label="us-gaap_DerivativeAssets"/>
    <link:loc xlink:type="locator" xlink:href="https://xbrl.fasb.org/us-gaap/2022/elts/us-gaap-2022.xsd#us-gaap_DerivativeAssetFairValueGrossAssetIncludingNotSubjectToMasterNettingArrangement" xlink:label="us-gaap_DerivativeAssetFairValueGrossAssetIncludingNotSubjectToMasterNettingArrangement"/>
    <link:loc xlink:type="locator" xlink:href="https://xbrl.fasb.org/us-gaap/2022/elts/us-gaap-2022.xsd#us-gaap_DerivativeLiabilityFairValueGrossAsset" xlink:label="us-gaap_DerivativeLiabilityFairValueGrossAsset"/>
    <link:loc xlink:type="locator" xlink:href="https://xbrl.fasb.org/us-gaap/2022/elts/us-gaap-2022.xsd#us-gaap_DerivativeAssetFairValueGrossLiability" xlink:label="us-gaap_DerivativeAssetFairValueGrossLiability"/>
    <link:loc xlink:type="locator" xlink:href="https://xbrl.fasb.org/us-gaap/2022/elts/us-gaap-2022.xsd#us-gaap_DerivativeCollateralObligationToReturnCash" xlink:label="us-gaap_DerivativeCollateralObligationToReturnCash"/>
    <link:loc xlink:type="locator" xlink:href="https://xbrl.fasb.org/us-gaap/2022/elts/us-gaap-2022.xsd#us-gaap_DerivativeCollateralRightToReclaimCash" xlink:label="us-gaap_DerivativeCollateralRightToReclaimCash"/>
  </link:calculationLink>
  <link:calculationLink xlink:type="extended" xlink:role="http://www.microsoft.com/20230331/taxonomy/role/Role_DisclosureComponentsOfInventoriesDetail">
    <link:calculationArc xlink:type="arc" xlink:arcrole="http://www.xbrl.org/2003/arcrole/summation-item" xlink:from="us-gaap_InventoryNet" xlink:to="us-gaap_InventoryRawMaterialsNetOfReserves" order="0" weight="1.00" use="optional"/>
    <link:calculationArc xlink:type="arc" xlink:arcrole="http://www.xbrl.org/2003/arcrole/summation-item" xlink:from="us-gaap_InventoryNet" xlink:to="us-gaap_InventoryWorkInProcessNetOfReserves" order="1" weight="1.00" use="optional"/>
    <link:calculationArc xlink:type="arc" xlink:arcrole="http://www.xbrl.org/2003/arcrole/summation-item" xlink:from="us-gaap_InventoryNet" xlink:to="us-gaap_InventoryFinishedGoodsNetOfReserves" order="2" weight="1.00" use="optional"/>
    <link:loc xlink:type="locator" xlink:href="https://xbrl.fasb.org/us-gaap/2022/elts/us-gaap-2022.xsd#us-gaap_InventoryNet" xlink:label="us-gaap_InventoryNet"/>
    <link:loc xlink:type="locator" xlink:href="https://xbrl.fasb.org/us-gaap/2022/elts/us-gaap-2022.xsd#us-gaap_InventoryRawMaterialsNetOfReserves" xlink:label="us-gaap_InventoryRawMaterialsNetOfReserves"/>
    <link:loc xlink:type="locator" xlink:href="https://xbrl.fasb.org/us-gaap/2022/elts/us-gaap-2022.xsd#us-gaap_InventoryWorkInProcessNetOfReserves" xlink:label="us-gaap_InventoryWorkInProcessNetOfReserves"/>
    <link:loc xlink:type="locator" xlink:href="https://xbrl.fasb.org/us-gaap/2022/elts/us-gaap-2022.xsd#us-gaap_InventoryFinishedGoodsNetOfReserves" xlink:label="us-gaap_InventoryFinishedGoodsNetOfReserves"/>
  </link:calculationLink>
  <link:calculationLink xlink:type="extended" xlink:role="http://www.microsoft.com/20230331/taxonomy/role/Role_DisclosureMajorClassesOfAssetsAndLiabilitiesAllocatedPurchasePriceDetail">
    <link:calculationArc xlink:type="arc" xlink:arcrole="http://www.xbrl.org/2003/arcrole/summation-item" xlink:from="us-gaap_BusinessCombinationRecognizedIdentifiableAssetsAcquiredGoodwillAndLiabilitiesAssumedNet" xlink:to="us-gaap_BusinessCombinationRecognizedIdentifiableAssetsAcquiredAndLiabilitiesAssumedCashAndEquivalents" order="0" weight="1.00" use="optional"/>
    <link:calculationArc xlink:type="arc" xlink:arcrole="http://www.xbrl.org/2003/arcrole/summation-item" xlink:from="us-gaap_BusinessCombinationRecognizedIdentifiableAssetsAcquiredGoodwillAndLiabilitiesAssumedNet" xlink:to="us-gaap_Goodwill" order="1" weight="1.00" use="optional"/>
    <link:calculationArc xlink:type="arc" xlink:arcrole="http://www.xbrl.org/2003/arcrole/summation-item" xlink:from="us-gaap_BusinessCombinationRecognizedIdentifiableAssetsAcquiredGoodwillAndLiabilitiesAssumedNet" xlink:to="us-gaap_BusinessCombinationRecognizedIdentifiableAssetsAcquiredAndLiabilitiesAssumedIntangibles" order="2" weight="1.00" use="optional"/>
    <link:calculationArc xlink:type="arc" xlink:arcrole="http://www.xbrl.org/2003/arcrole/summation-item" xlink:from="us-gaap_BusinessCombinationRecognizedIdentifiableAssetsAcquiredGoodwillAndLiabilitiesAssumedNet" xlink:to="msft_BusinessCombinationRecognizedIdentifiableAssetsAcquiredAndLiabilitiesAssumedOtherAssets" order="3" weight="1.00" use="optional"/>
    <link:calculationArc xlink:type="arc" xlink:arcrole="http://www.xbrl.org/2003/arcrole/summation-item" xlink:from="us-gaap_BusinessCombinationRecognizedIdentifiableAssetsAcquiredGoodwillAndLiabilitiesAssumedNet" xlink:to="msft_BusinessCombinationRecognizedIdentifiableAssetsAcquiredAndLiabilitiesAssumedOtherLiabilities" order="4" weight="-1.00" use="optional"/>
    <link:loc xlink:type="locator" xlink:href="https://xbrl.fasb.org/us-gaap/2022/elts/us-gaap-2022.xsd#us-gaap_BusinessCombinationRecognizedIdentifiableAssetsAcquiredGoodwillAndLiabilitiesAssumedNet" xlink:label="us-gaap_BusinessCombinationRecognizedIdentifiableAssetsAcquiredGoodwillAndLiabilitiesAssumedNet"/>
    <link:loc xlink:type="locator" xlink:href="https://xbrl.fasb.org/us-gaap/2022/elts/us-gaap-2022.xsd#us-gaap_BusinessCombinationRecognizedIdentifiableAssetsAcquiredAndLiabilitiesAssumedCashAndEquivalents" xlink:label="us-gaap_BusinessCombinationRecognizedIdentifiableAssetsAcquiredAndLiabilitiesAssumedCashAndEquivalents"/>
    <link:loc xlink:type="locator" xlink:href="https://xbrl.fasb.org/us-gaap/2022/elts/us-gaap-2022.xsd#us-gaap_Goodwill" xlink:label="us-gaap_Goodwill"/>
    <link:loc xlink:type="locator" xlink:href="https://xbrl.fasb.org/us-gaap/2022/elts/us-gaap-2022.xsd#us-gaap_BusinessCombinationRecognizedIdentifiableAssetsAcquiredAndLiabilitiesAssumedIntangibles" xlink:label="us-gaap_BusinessCombinationRecognizedIdentifiableAssetsAcquiredAndLiabilitiesAssumedIntangibles"/>
    <link:loc xlink:type="locator" xlink:href="msft-20230331.xsd#msft_BusinessCombinationRecognizedIdentifiableAssetsAcquiredAndLiabilitiesAssumedOtherAssets" xlink:label="msft_BusinessCombinationRecognizedIdentifiableAssetsAcquiredAndLiabilitiesAssumedOtherAssets"/>
    <link:loc xlink:type="locator" xlink:href="msft-20230331.xsd#msft_BusinessCombinationRecognizedIdentifiableAssetsAcquiredAndLiabilitiesAssumedOtherLiabilities" xlink:label="msft_BusinessCombinationRecognizedIdentifiableAssetsAcquiredAndLiabilitiesAssumedOtherLiabilities"/>
  </link:calculationLink>
  <link:calculationLink xlink:type="extended" xlink:role="http://www.microsoft.com/20230331/taxonomy/role/Role_DisclosureFiniteLivedIntangibleAssetsDetail">
    <link:calculationArc xlink:type="arc" xlink:arcrole="http://www.xbrl.org/2003/arcrole/summation-item" xlink:from="us-gaap_FiniteLivedIntangibleAssetsNet" xlink:to="us-gaap_FiniteLivedIntangibleAssetsGross" order="0" weight="1.00" use="optional"/>
    <link:calculationArc xlink:type="arc" xlink:arcrole="http://www.xbrl.org/2003/arcrole/summation-item" xlink:from="us-gaap_FiniteLivedIntangibleAssetsNet" xlink:to="us-gaap_FiniteLivedIntangibleAssetsAccumulatedAmortization" order="1" weight="-1.00" use="optional"/>
    <link:loc xlink:type="locator" xlink:href="https://xbrl.fasb.org/us-gaap/2022/elts/us-gaap-2022.xsd#us-gaap_FiniteLivedIntangibleAssetsNet" xlink:label="us-gaap_FiniteLivedIntangibleAssetsNet"/>
    <link:loc xlink:type="locator" xlink:href="https://xbrl.fasb.org/us-gaap/2022/elts/us-gaap-2022.xsd#us-gaap_FiniteLivedIntangibleAssetsGross" xlink:label="us-gaap_FiniteLivedIntangibleAssetsGross"/>
    <link:loc xlink:type="locator" xlink:href="https://xbrl.fasb.org/us-gaap/2022/elts/us-gaap-2022.xsd#us-gaap_FiniteLivedIntangibleAssetsAccumulatedAmortization" xlink:label="us-gaap_FiniteLivedIntangibleAssetsAccumulatedAmortization"/>
  </link:calculationLink>
  <link:calculationLink xlink:type="extended" xlink:role="http://www.microsoft.com/20230331/taxonomy/role/Role_DisclosureEstimatedFutureAmortizationExpenseRelatedToIntangibleAssetsDetail">
    <link:calculationArc xlink:type="arc" xlink:arcrole="http://www.xbrl.org/2003/arcrole/summation-item" xlink:from="us-gaap_FiniteLivedIntangibleAssetsNet" xlink:to="us-gaap_FiniteLivedIntangibleAssetsAmortizationExpenseRemainderOfFiscalYear" order="0" weight="1.00" use="optional"/>
    <link:calculationArc xlink:type="arc" xlink:arcrole="http://www.xbrl.org/2003/arcrole/summation-item" xlink:from="us-gaap_FiniteLivedIntangibleAssetsNet" xlink:to="us-gaap_FiniteLivedIntangibleAssetsAmortizationExpenseNextTwelveMonths" order="1" weight="1.00" use="optional"/>
    <link:calculationArc xlink:type="arc" xlink:arcrole="http://www.xbrl.org/2003/arcrole/summation-item" xlink:from="us-gaap_FiniteLivedIntangibleAssetsNet" xlink:to="us-gaap_FiniteLivedIntangibleAssetsAmortizationExpenseYearTwo" order="2" weight="1.00" use="optional"/>
    <link:calculationArc xlink:type="arc" xlink:arcrole="http://www.xbrl.org/2003/arcrole/summation-item" xlink:from="us-gaap_FiniteLivedIntangibleAssetsNet" xlink:to="us-gaap_FiniteLivedIntangibleAssetsAmortizationExpenseYearThree" order="3" weight="1.00" use="optional"/>
    <link:calculationArc xlink:type="arc" xlink:arcrole="http://www.xbrl.org/2003/arcrole/summation-item" xlink:from="us-gaap_FiniteLivedIntangibleAssetsNet" xlink:to="us-gaap_FiniteLivedIntangibleAssetsAmortizationExpenseYearFour" order="4" weight="1.00" use="optional"/>
    <link:calculationArc xlink:type="arc" xlink:arcrole="http://www.xbrl.org/2003/arcrole/summation-item" xlink:from="us-gaap_FiniteLivedIntangibleAssetsNet" xlink:to="msft_FiniteLivedIntangibleAssetsAmortizationExpenseAfterYearFour" order="5" weight="1.00" use="optional"/>
    <link:loc xlink:type="locator" xlink:href="https://xbrl.fasb.org/us-gaap/2022/elts/us-gaap-2022.xsd#us-gaap_FiniteLivedIntangibleAssetsNet" xlink:label="us-gaap_FiniteLivedIntangibleAssetsNet"/>
    <link:loc xlink:type="locator" xlink:href="https://xbrl.fasb.org/us-gaap/2022/elts/us-gaap-2022.xsd#us-gaap_FiniteLivedIntangibleAssetsAmortizationExpenseRemainderOfFiscalYear" xlink:label="us-gaap_FiniteLivedIntangibleAssetsAmortizationExpenseRemainderOfFiscalYear"/>
    <link:loc xlink:type="locator" xlink:href="https://xbrl.fasb.org/us-gaap/2022/elts/us-gaap-2022.xsd#us-gaap_FiniteLivedIntangibleAssetsAmortizationExpenseNextTwelveMonths" xlink:label="us-gaap_FiniteLivedIntangibleAssetsAmortizationExpenseNextTwelveMonths"/>
    <link:loc xlink:type="locator" xlink:href="https://xbrl.fasb.org/us-gaap/2022/elts/us-gaap-2022.xsd#us-gaap_FiniteLivedIntangibleAssetsAmortizationExpenseYearTwo" xlink:label="us-gaap_FiniteLivedIntangibleAssetsAmortizationExpenseYearTwo"/>
    <link:loc xlink:type="locator" xlink:href="https://xbrl.fasb.org/us-gaap/2022/elts/us-gaap-2022.xsd#us-gaap_FiniteLivedIntangibleAssetsAmortizationExpenseYearThree" xlink:label="us-gaap_FiniteLivedIntangibleAssetsAmortizationExpenseYearThree"/>
    <link:loc xlink:type="locator" xlink:href="https://xbrl.fasb.org/us-gaap/2022/elts/us-gaap-2022.xsd#us-gaap_FiniteLivedIntangibleAssetsAmortizationExpenseYearFour" xlink:label="us-gaap_FiniteLivedIntangibleAssetsAmortizationExpenseYearFour"/>
    <link:loc xlink:type="locator" xlink:href="msft-20230331.xsd#msft_FiniteLivedIntangibleAssetsAmortizationExpenseAfterYearFour" xlink:label="msft_FiniteLivedIntangibleAssetsAmortizationExpenseAfterYearFour"/>
  </link:calculationLink>
  <link:calculationLink xlink:type="extended" xlink:role="http://www.microsoft.com/20230331/taxonomy/role/Role_DisclosureDebtDetail">
    <link:calculationArc xlink:type="arc" xlink:arcrole="http://www.xbrl.org/2003/arcrole/summation-item" xlink:from="us-gaap_LongTermDebt" xlink:to="us-gaap_DebtInstrumentCarryingAmount" order="0" weight="1.00" use="optional"/>
    <link:calculationArc xlink:type="arc" xlink:arcrole="http://www.xbrl.org/2003/arcrole/summation-item" xlink:from="us-gaap_LongTermDebt" xlink:to="us-gaap_DebtInstrumentUnamortizedDiscountPremiumAndDebtIssuanceCostsNet" order="1" weight="-1.00" use="optional"/>
    <link:calculationArc xlink:type="arc" xlink:arcrole="http://www.xbrl.org/2003/arcrole/summation-item" xlink:from="us-gaap_LongTermDebt" xlink:to="msft_HedgeAccountingFairValueAdjustments" order="2" weight="1.00" use="optional"/>
    <link:calculationArc xlink:type="arc" xlink:arcrole="http://www.xbrl.org/2003/arcrole/summation-item" xlink:from="us-gaap_LongTermDebt" xlink:to="msft_PremiumOnDebtExchange1" order="3" weight="-1.00" use="optional"/>
    <link:loc xlink:type="locator" xlink:href="https://xbrl.fasb.org/us-gaap/2022/elts/us-gaap-2022.xsd#us-gaap_LongTermDebt" xlink:label="us-gaap_LongTermDebt"/>
    <link:loc xlink:type="locator" xlink:href="https://xbrl.fasb.org/us-gaap/2022/elts/us-gaap-2022.xsd#us-gaap_DebtInstrumentCarryingAmount" xlink:label="us-gaap_DebtInstrumentCarryingAmount"/>
    <link:loc xlink:type="locator" xlink:href="https://xbrl.fasb.org/us-gaap/2022/elts/us-gaap-2022.xsd#us-gaap_DebtInstrumentUnamortizedDiscountPremiumAndDebtIssuanceCostsNet" xlink:label="us-gaap_DebtInstrumentUnamortizedDiscountPremiumAndDebtIssuanceCostsNet"/>
    <link:loc xlink:type="locator" xlink:href="msft-20230331.xsd#msft_HedgeAccountingFairValueAdjustments" xlink:label="msft_HedgeAccountingFairValueAdjustments"/>
    <link:loc xlink:type="locator" xlink:href="msft-20230331.xsd#msft_PremiumOnDebtExchange1" xlink:label="msft_PremiumOnDebtExchange1"/>
  </link:calculationLink>
  <link:calculationLink xlink:type="extended" xlink:role="http://www.microsoft.com/20230331/taxonomy/role/Role_DisclosureDebtDetail2">
    <link:calculationArc xlink:type="arc" xlink:arcrole="http://www.xbrl.org/2003/arcrole/summation-item" xlink:from="us-gaap_LongTermDebt" xlink:to="us-gaap_LongTermDebtCurrent" order="0" weight="1.00" use="optional"/>
    <link:calculationArc xlink:type="arc" xlink:arcrole="http://www.xbrl.org/2003/arcrole/summation-item" xlink:from="us-gaap_LongTermDebt" xlink:to="us-gaap_LongTermDebtNoncurrent" order="1" weight="1.00" use="optional"/>
    <link:loc xlink:type="locator" xlink:href="https://xbrl.fasb.org/us-gaap/2022/elts/us-gaap-2022.xsd#us-gaap_LongTermDebt" xlink:label="us-gaap_LongTermDebt"/>
    <link:loc xlink:type="locator" xlink:href="https://xbrl.fasb.org/us-gaap/2022/elts/us-gaap-2022.xsd#us-gaap_LongTermDebtCurrent" xlink:label="us-gaap_LongTermDebtCurrent"/>
    <link:loc xlink:type="locator" xlink:href="https://xbrl.fasb.org/us-gaap/2022/elts/us-gaap-2022.xsd#us-gaap_LongTermDebtNoncurrent" xlink:label="us-gaap_LongTermDebtNoncurrent"/>
  </link:calculationLink>
  <link:calculationLink xlink:type="extended" xlink:role="http://www.microsoft.com/20230331/taxonomy/role/Role_DisclosureMaturitiesOfLongTermDebtIncludingCurrentPortionDetail">
    <link:calculationArc xlink:type="arc" xlink:arcrole="http://www.xbrl.org/2003/arcrole/summation-item" xlink:from="us-gaap_DebtInstrumentCarryingAmount" xlink:to="us-gaap_LongTermDebtMaturitiesRepaymentsOfPrincipalRemainderOfFiscalYear" order="0" weight="1.00" use="optional"/>
    <link:calculationArc xlink:type="arc" xlink:arcrole="http://www.xbrl.org/2003/arcrole/summation-item" xlink:from="us-gaap_DebtInstrumentCarryingAmount" xlink:to="us-gaap_LongTermDebtMaturitiesRepaymentsOfPrincipalInNextTwelveMonths" order="1" weight="1.00" use="optional"/>
    <link:calculationArc xlink:type="arc" xlink:arcrole="http://www.xbrl.org/2003/arcrole/summation-item" xlink:from="us-gaap_DebtInstrumentCarryingAmount" xlink:to="us-gaap_LongTermDebtMaturitiesRepaymentsOfPrincipalInYearTwo" order="2" weight="1.00" use="optional"/>
    <link:calculationArc xlink:type="arc" xlink:arcrole="http://www.xbrl.org/2003/arcrole/summation-item" xlink:from="us-gaap_DebtInstrumentCarryingAmount" xlink:to="us-gaap_LongTermDebtMaturitiesRepaymentsOfPrincipalInYearThree" order="3" weight="1.00" use="optional"/>
    <link:calculationArc xlink:type="arc" xlink:arcrole="http://www.xbrl.org/2003/arcrole/summation-item" xlink:from="us-gaap_DebtInstrumentCarryingAmount" xlink:to="us-gaap_LongTermDebtMaturitiesRepaymentsOfPrincipalInYearFour" order="4" weight="1.00" use="optional"/>
    <link:calculationArc xlink:type="arc" xlink:arcrole="http://www.xbrl.org/2003/arcrole/summation-item" xlink:from="us-gaap_DebtInstrumentCarryingAmount" xlink:to="msft_LongTermDebtMaturitiesRepaymentsOfPrincipalAfterYearFour" order="5" weight="1.00" use="optional"/>
    <link:loc xlink:type="locator" xlink:href="https://xbrl.fasb.org/us-gaap/2022/elts/us-gaap-2022.xsd#us-gaap_DebtInstrumentCarryingAmount" xlink:label="us-gaap_DebtInstrumentCarryingAmount"/>
    <link:loc xlink:type="locator" xlink:href="https://xbrl.fasb.org/us-gaap/2022/elts/us-gaap-2022.xsd#us-gaap_LongTermDebtMaturitiesRepaymentsOfPrincipalRemainderOfFiscalYear" xlink:label="us-gaap_LongTermDebtMaturitiesRepaymentsOfPrincipalRemainderOfFiscalYear"/>
    <link:loc xlink:type="locator" xlink:href="https://xbrl.fasb.org/us-gaap/2022/elts/us-gaap-2022.xsd#us-gaap_LongTermDebtMaturitiesRepaymentsOfPrincipalInNextTwelveMonths" xlink:label="us-gaap_LongTermDebtMaturitiesRepaymentsOfPrincipalInNextTwelveMonths"/>
    <link:loc xlink:type="locator" xlink:href="https://xbrl.fasb.org/us-gaap/2022/elts/us-gaap-2022.xsd#us-gaap_LongTermDebtMaturitiesRepaymentsOfPrincipalInYearTwo" xlink:label="us-gaap_LongTermDebtMaturitiesRepaymentsOfPrincipalInYearTwo"/>
    <link:loc xlink:type="locator" xlink:href="https://xbrl.fasb.org/us-gaap/2022/elts/us-gaap-2022.xsd#us-gaap_LongTermDebtMaturitiesRepaymentsOfPrincipalInYearThree" xlink:label="us-gaap_LongTermDebtMaturitiesRepaymentsOfPrincipalInYearThree"/>
    <link:loc xlink:type="locator" xlink:href="https://xbrl.fasb.org/us-gaap/2022/elts/us-gaap-2022.xsd#us-gaap_LongTermDebtMaturitiesRepaymentsOfPrincipalInYearFour" xlink:label="us-gaap_LongTermDebtMaturitiesRepaymentsOfPrincipalInYearFour"/>
    <link:loc xlink:type="locator" xlink:href="msft-20230331.xsd#msft_LongTermDebtMaturitiesRepaymentsOfPrincipalAfterYearFour" xlink:label="msft_LongTermDebtMaturitiesRepaymentsOfPrincipalAfterYearFour"/>
  </link:calculationLink>
  <link:calculationLink xlink:type="extended" xlink:role="http://www.microsoft.com/20230331/taxonomy/role/Role_DisclosureComponentsOfLeaseExpenseDetail">
    <link:calculationArc xlink:type="arc" xlink:arcrole="http://www.xbrl.org/2003/arcrole/summation-item" xlink:from="msft_FinanceLeaseCost" xlink:to="us-gaap_FinanceLeaseRightOfUseAssetAmortization" order="0" weight="1.00" use="optional"/>
    <link:calculationArc xlink:type="arc" xlink:arcrole="http://www.xbrl.org/2003/arcrole/summation-item" xlink:from="msft_FinanceLeaseCost" xlink:to="us-gaap_FinanceLeaseInterestExpense" order="1" weight="1.00" use="optional"/>
    <link:loc xlink:type="locator" xlink:href="msft-20230331.xsd#msft_FinanceLeaseCost" xlink:label="msft_FinanceLeaseCost"/>
    <link:loc xlink:type="locator" xlink:href="https://xbrl.fasb.org/us-gaap/2022/elts/us-gaap-2022.xsd#us-gaap_FinanceLeaseRightOfUseAssetAmortization" xlink:label="us-gaap_FinanceLeaseRightOfUseAssetAmortization"/>
    <link:loc xlink:type="locator" xlink:href="https://xbrl.fasb.org/us-gaap/2022/elts/us-gaap-2022.xsd#us-gaap_FinanceLeaseInterestExpense" xlink:label="us-gaap_FinanceLeaseInterestExpense"/>
  </link:calculationLink>
  <link:calculationLink xlink:type="extended" xlink:role="http://www.microsoft.com/20230331/taxonomy/role/Role_DisclosureSupplementalBalanceSheetInformationRelatedToLeasesDetail">
    <link:calculationArc xlink:type="arc" xlink:arcrole="http://www.xbrl.org/2003/arcrole/summation-item" xlink:from="us-gaap_PropertyPlantAndEquipmentNet" xlink:to="us-gaap_PropertyPlantAndEquipmentGross" order="0" weight="1.00" use="optional"/>
    <link:calculationArc xlink:type="arc" xlink:arcrole="http://www.xbrl.org/2003/arcrole/summation-item" xlink:from="us-gaap_PropertyPlantAndEquipmentNet" xlink:to="us-gaap_AccumulatedDepreciationDepletionAndAmortizationPropertyPlantAndEquipment" order="1" weight="-1.00" use="optional"/>
    <link:loc xlink:type="locator" xlink:href="https://xbrl.fasb.org/us-gaap/2022/elts/us-gaap-2022.xsd#us-gaap_PropertyPlantAndEquipmentNet" xlink:label="us-gaap_PropertyPlantAndEquipmentNet"/>
    <link:loc xlink:type="locator" xlink:href="https://xbrl.fasb.org/us-gaap/2022/elts/us-gaap-2022.xsd#us-gaap_PropertyPlantAndEquipmentGross" xlink:label="us-gaap_PropertyPlantAndEquipmentGross"/>
    <link:loc xlink:type="locator" xlink:href="https://xbrl.fasb.org/us-gaap/2022/elts/us-gaap-2022.xsd#us-gaap_AccumulatedDepreciationDepletionAndAmortizationPropertyPlantAndEquipment" xlink:label="us-gaap_AccumulatedDepreciationDepletionAndAmortizationPropertyPlantAndEquipment"/>
  </link:calculationLink>
  <link:calculationLink xlink:type="extended" xlink:role="http://www.microsoft.com/20230331/taxonomy/role/Role_DisclosureMaturitiesOfLeaseLiabilitiesDetail">
    <link:calculationArc xlink:type="arc" xlink:arcrole="http://www.xbrl.org/2003/arcrole/summation-item" xlink:from="us-gaap_FinanceLeaseLiabilityPaymentsDue" xlink:to="us-gaap_FinanceLeaseLiabilityPaymentsRemainderOfFiscalYear" order="0" weight="1.00" use="optional"/>
    <link:calculationArc xlink:type="arc" xlink:arcrole="http://www.xbrl.org/2003/arcrole/summation-item" xlink:from="us-gaap_LesseeOperatingLeaseLiabilityPaymentsDue" xlink:to="us-gaap_LesseeOperatingLeaseLiabilityPaymentsRemainderOfFiscalYear" order="0" weight="1.00" use="optional"/>
    <link:calculationArc xlink:type="arc" xlink:arcrole="http://www.xbrl.org/2003/arcrole/summation-item" xlink:from="us-gaap_FinanceLeaseLiabilityPaymentsDue" xlink:to="us-gaap_FinanceLeaseLiabilityPaymentsDueNextTwelveMonths" order="1" weight="1.00" use="optional"/>
    <link:calculationArc xlink:type="arc" xlink:arcrole="http://www.xbrl.org/2003/arcrole/summation-item" xlink:from="us-gaap_LesseeOperatingLeaseLiabilityPaymentsDue" xlink:to="us-gaap_LesseeOperatingLeaseLiabilityPaymentsDueNextTwelveMonths" order="1" weight="1.00" use="optional"/>
    <link:calculationArc xlink:type="arc" xlink:arcrole="http://www.xbrl.org/2003/arcrole/summation-item" xlink:from="us-gaap_FinanceLeaseLiabilityPaymentsDue" xlink:to="us-gaap_FinanceLeaseLiabilityPaymentsDueYearTwo" order="2" weight="1.00" use="optional"/>
    <link:calculationArc xlink:type="arc" xlink:arcrole="http://www.xbrl.org/2003/arcrole/summation-item" xlink:from="us-gaap_LesseeOperatingLeaseLiabilityPaymentsDue" xlink:to="us-gaap_LesseeOperatingLeaseLiabilityPaymentsDueYearTwo" order="2" weight="1.00" use="optional"/>
    <link:calculationArc xlink:type="arc" xlink:arcrole="http://www.xbrl.org/2003/arcrole/summation-item" xlink:from="us-gaap_FinanceLeaseLiabilityPaymentsDue" xlink:to="us-gaap_FinanceLeaseLiabilityPaymentsDueYearThree" order="3" weight="1.00" use="optional"/>
    <link:calculationArc xlink:type="arc" xlink:arcrole="http://www.xbrl.org/2003/arcrole/summation-item" xlink:from="us-gaap_LesseeOperatingLeaseLiabilityPaymentsDue" xlink:to="us-gaap_LesseeOperatingLeaseLiabilityPaymentsDueYearThree" order="3" weight="1.00" use="optional"/>
    <link:calculationArc xlink:type="arc" xlink:arcrole="http://www.xbrl.org/2003/arcrole/summation-item" xlink:from="us-gaap_FinanceLeaseLiabilityPaymentsDue" xlink:to="us-gaap_FinanceLeaseLiabilityPaymentsDueYearFour" order="4" weight="1.00" use="optional"/>
    <link:calculationArc xlink:type="arc" xlink:arcrole="http://www.xbrl.org/2003/arcrole/summation-item" xlink:from="us-gaap_LesseeOperatingLeaseLiabilityPaymentsDue" xlink:to="us-gaap_LesseeOperatingLeaseLiabilityPaymentsDueYearFour" order="4" weight="1.00" use="optional"/>
    <link:calculationArc xlink:type="arc" xlink:arcrole="http://www.xbrl.org/2003/arcrole/summation-item" xlink:from="us-gaap_FinanceLeaseLiabilityPaymentsDue" xlink:to="msft_FinanceLeaseLiabilityPaymentsDueAfterYearFour" order="5" weight="1.00" use="optional"/>
    <link:calculationArc xlink:type="arc" xlink:arcrole="http://www.xbrl.org/2003/arcrole/summation-item" xlink:from="us-gaap_LesseeOperatingLeaseLiabilityPaymentsDue" xlink:to="msft_LesseeOperatingLeaseLiabilityPaymentsDueAfterYearFour" order="5" weight="1.00" use="optional"/>
    <link:loc xlink:type="locator" xlink:href="https://xbrl.fasb.org/us-gaap/2022/elts/us-gaap-2022.xsd#us-gaap_FinanceLeaseLiabilityPaymentsDue" xlink:label="us-gaap_FinanceLeaseLiabilityPaymentsDue"/>
    <link:loc xlink:type="locator" xlink:href="https://xbrl.fasb.org/us-gaap/2022/elts/us-gaap-2022.xsd#us-gaap_FinanceLeaseLiabilityPaymentsRemainderOfFiscalYear" xlink:label="us-gaap_FinanceLeaseLiabilityPaymentsRemainderOfFiscalYear"/>
    <link:loc xlink:type="locator" xlink:href="https://xbrl.fasb.org/us-gaap/2022/elts/us-gaap-2022.xsd#us-gaap_LesseeOperatingLeaseLiabilityPaymentsDue" xlink:label="us-gaap_LesseeOperatingLeaseLiabilityPaymentsDue"/>
    <link:loc xlink:type="locator" xlink:href="https://xbrl.fasb.org/us-gaap/2022/elts/us-gaap-2022.xsd#us-gaap_LesseeOperatingLeaseLiabilityPaymentsRemainderOfFiscalYear" xlink:label="us-gaap_LesseeOperatingLeaseLiabilityPaymentsRemainderOfFiscalYear"/>
    <link:loc xlink:type="locator" xlink:href="https://xbrl.fasb.org/us-gaap/2022/elts/us-gaap-2022.xsd#us-gaap_FinanceLeaseLiabilityPaymentsDueNextTwelveMonths" xlink:label="us-gaap_FinanceLeaseLiabilityPaymentsDueNextTwelveMonths"/>
    <link:loc xlink:type="locator" xlink:href="https://xbrl.fasb.org/us-gaap/2022/elts/us-gaap-2022.xsd#us-gaap_LesseeOperatingLeaseLiabilityPaymentsDueNextTwelveMonths" xlink:label="us-gaap_LesseeOperatingLeaseLiabilityPaymentsDueNextTwelveMonths"/>
    <link:loc xlink:type="locator" xlink:href="https://xbrl.fasb.org/us-gaap/2022/elts/us-gaap-2022.xsd#us-gaap_FinanceLeaseLiabilityPaymentsDueYearTwo" xlink:label="us-gaap_FinanceLeaseLiabilityPaymentsDueYearTwo"/>
    <link:loc xlink:type="locator" xlink:href="https://xbrl.fasb.org/us-gaap/2022/elts/us-gaap-2022.xsd#us-gaap_LesseeOperatingLeaseLiabilityPaymentsDueYearTwo" xlink:label="us-gaap_LesseeOperatingLeaseLiabilityPaymentsDueYearTwo"/>
    <link:loc xlink:type="locator" xlink:href="https://xbrl.fasb.org/us-gaap/2022/elts/us-gaap-2022.xsd#us-gaap_FinanceLeaseLiabilityPaymentsDueYearThree" xlink:label="us-gaap_FinanceLeaseLiabilityPaymentsDueYearThree"/>
    <link:loc xlink:type="locator" xlink:href="https://xbrl.fasb.org/us-gaap/2022/elts/us-gaap-2022.xsd#us-gaap_LesseeOperatingLeaseLiabilityPaymentsDueYearThree" xlink:label="us-gaap_LesseeOperatingLeaseLiabilityPaymentsDueYearThree"/>
    <link:loc xlink:type="locator" xlink:href="https://xbrl.fasb.org/us-gaap/2022/elts/us-gaap-2022.xsd#us-gaap_FinanceLeaseLiabilityPaymentsDueYearFour" xlink:label="us-gaap_FinanceLeaseLiabilityPaymentsDueYearFour"/>
    <link:loc xlink:type="locator" xlink:href="https://xbrl.fasb.org/us-gaap/2022/elts/us-gaap-2022.xsd#us-gaap_LesseeOperatingLeaseLiabilityPaymentsDueYearFour" xlink:label="us-gaap_LesseeOperatingLeaseLiabilityPaymentsDueYearFour"/>
    <link:loc xlink:type="locator" xlink:href="msft-20230331.xsd#msft_FinanceLeaseLiabilityPaymentsDueAfterYearFour" xlink:label="msft_FinanceLeaseLiabilityPaymentsDueAfterYearFour"/>
    <link:loc xlink:type="locator" xlink:href="msft-20230331.xsd#msft_LesseeOperatingLeaseLiabilityPaymentsDueAfterYearFour" xlink:label="msft_LesseeOperatingLeaseLiabilityPaymentsDueAfterYearFour"/>
  </link:calculationLink>
  <link:calculationLink xlink:type="extended" xlink:role="http://www.microsoft.com/20230331/taxonomy/role/Role_DisclosureMaturitiesOfLeaseLiabilitiesDetail2">
    <link:calculationArc xlink:type="arc" xlink:arcrole="http://www.xbrl.org/2003/arcrole/summation-item" xlink:from="us-gaap_FinanceLeaseLiabilityPaymentsDue" xlink:to="us-gaap_FinanceLeaseLiabilityUndiscountedExcessAmount" order="0" weight="1.00" use="optional"/>
    <link:calculationArc xlink:type="arc" xlink:arcrole="http://www.xbrl.org/2003/arcrole/summation-item" xlink:from="us-gaap_LesseeOperatingLeaseLiabilityPaymentsDue" xlink:to="us-gaap_LesseeOperatingLeaseLiabilityUndiscountedExcessAmount" order="0" weight="1.00" use="optional"/>
    <link:calculationArc xlink:type="arc" xlink:arcrole="http://www.xbrl.org/2003/arcrole/summation-item" xlink:from="us-gaap_FinanceLeaseLiabilityPaymentsDue" xlink:to="us-gaap_FinanceLeaseLiability" order="1" weight="1.00" use="optional"/>
    <link:calculationArc xlink:type="arc" xlink:arcrole="http://www.xbrl.org/2003/arcrole/summation-item" xlink:from="us-gaap_LesseeOperatingLeaseLiabilityPaymentsDue" xlink:to="us-gaap_OperatingLeaseLiability" order="1" weight="1.00" use="optional"/>
    <link:loc xlink:type="locator" xlink:href="https://xbrl.fasb.org/us-gaap/2022/elts/us-gaap-2022.xsd#us-gaap_FinanceLeaseLiabilityPaymentsDue" xlink:label="us-gaap_FinanceLeaseLiabilityPaymentsDue"/>
    <link:loc xlink:type="locator" xlink:href="https://xbrl.fasb.org/us-gaap/2022/elts/us-gaap-2022.xsd#us-gaap_FinanceLeaseLiabilityUndiscountedExcessAmount" xlink:label="us-gaap_FinanceLeaseLiabilityUndiscountedExcessAmount"/>
    <link:loc xlink:type="locator" xlink:href="https://xbrl.fasb.org/us-gaap/2022/elts/us-gaap-2022.xsd#us-gaap_LesseeOperatingLeaseLiabilityPaymentsDue" xlink:label="us-gaap_LesseeOperatingLeaseLiabilityPaymentsDue"/>
    <link:loc xlink:type="locator" xlink:href="https://xbrl.fasb.org/us-gaap/2022/elts/us-gaap-2022.xsd#us-gaap_LesseeOperatingLeaseLiabilityUndiscountedExcessAmount" xlink:label="us-gaap_LesseeOperatingLeaseLiabilityUndiscountedExcessAmount"/>
    <link:loc xlink:type="locator" xlink:href="https://xbrl.fasb.org/us-gaap/2022/elts/us-gaap-2022.xsd#us-gaap_FinanceLeaseLiability" xlink:label="us-gaap_FinanceLeaseLiability"/>
    <link:loc xlink:type="locator" xlink:href="https://xbrl.fasb.org/us-gaap/2022/elts/us-gaap-2022.xsd#us-gaap_OperatingLeaseLiability" xlink:label="us-gaap_OperatingLeaseLiability"/>
  </link:calculationLink>
  <link:calculationLink xlink:type="extended" xlink:role="http://www.microsoft.com/20230331/taxonomy/role/Role_DisclosureSummaryOfChangesInAccumulatedOtherComprehensiveIncomeLossByComponentDetail">
    <link:calculationArc xlink:type="arc" xlink:arcrole="http://www.xbrl.org/2003/arcrole/summation-item" xlink:from="us-gaap_ReclassificationFromAociCurrentPeriodNetOfTaxAttributableToParent" xlink:to="us-gaap_ReclassificationFromAociCurrentPeriodBeforeTaxAttributableToParent" order="0" weight="1.00" use="optional"/>
    <link:calculationArc xlink:type="arc" xlink:arcrole="http://www.xbrl.org/2003/arcrole/summation-item" xlink:from="us-gaap_OtherComprehensiveIncomeLossNetOfTaxPortionAttributableToParent" xlink:to="us-gaap_OciBeforeReclassificationsNetOfTaxAttributableToParent" order="0" weight="1.00" use="optional"/>
    <link:calculationArc xlink:type="arc" xlink:arcrole="http://www.xbrl.org/2003/arcrole/summation-item" xlink:from="us-gaap_ReclassificationFromAociCurrentPeriodNetOfTaxAttributableToParent" xlink:to="us-gaap_ReclassificationFromAociCurrentPeriodTax" order="1" weight="-1.00" use="optional"/>
    <link:calculationArc xlink:type="arc" xlink:arcrole="http://www.xbrl.org/2003/arcrole/summation-item" xlink:from="us-gaap_OtherComprehensiveIncomeLossNetOfTaxPortionAttributableToParent" xlink:to="us-gaap_ReclassificationFromAociCurrentPeriodNetOfTaxAttributableToParent" order="1" weight="-1.00" use="optional"/>
    <link:loc xlink:type="locator" xlink:href="https://xbrl.fasb.org/us-gaap/2022/elts/us-gaap-2022.xsd#us-gaap_ReclassificationFromAociCurrentPeriodNetOfTaxAttributableToParent" xlink:label="us-gaap_ReclassificationFromAociCurrentPeriodNetOfTaxAttributableToParent"/>
    <link:loc xlink:type="locator" xlink:href="https://xbrl.fasb.org/us-gaap/2022/elts/us-gaap-2022.xsd#us-gaap_ReclassificationFromAociCurrentPeriodBeforeTaxAttributableToParent" xlink:label="us-gaap_ReclassificationFromAociCurrentPeriodBeforeTaxAttributableToParent"/>
    <link:loc xlink:type="locator" xlink:href="https://xbrl.fasb.org/us-gaap/2022/elts/us-gaap-2022.xsd#us-gaap_OtherComprehensiveIncomeLossNetOfTaxPortionAttributableToParent" xlink:label="us-gaap_OtherComprehensiveIncomeLossNetOfTaxPortionAttributableToParent"/>
    <link:loc xlink:type="locator" xlink:href="https://xbrl.fasb.org/us-gaap/2022/elts/us-gaap-2022.xsd#us-gaap_OciBeforeReclassificationsNetOfTaxAttributableToParent" xlink:label="us-gaap_OciBeforeReclassificationsNetOfTaxAttributableToParent"/>
    <link:loc xlink:type="locator" xlink:href="https://xbrl.fasb.org/us-gaap/2022/elts/us-gaap-2022.xsd#us-gaap_ReclassificationFromAociCurrentPeriodTax" xlink:label="us-gaap_ReclassificationFromAociCurrentPeriodTax"/>
  </link:calculationLink>
</link:linkbase>