<?xml version="1.0" encoding="utf-8"?>
<!--Generated by DFIN XBRL Instance Document - http://www.dfinsolutions.com/ - Version R3.0 - on 19-October-2024 [08:59:26] {PM}-->
<linkbase xmlns="http://www.xbrl.org/2003/linkbase" xmlns:xsi="http://www.w3.org/2001/XMLSchema-instance" xmlns:xlink="http://www.w3.org/1999/xlink" xsi:schemaLocation="http://www.xbrl.org/2003/linkbase http://www.xbrl.org/2003/xbrl-linkbase-2003-12-31.xsd">
<roleRef xlink:type="simple" xlink:href="http://www.xbrl.org/lrr/role/negated-2009-12-16.xsd#negatedLabel" roleURI="http://www.xbrl.org/2009/role/negatedLabel" />
<roleRef xlink:type="simple" xlink:href="http://www.xbrl.org/lrr/role/negated-2009-12-16.xsd#negatedPeriodEndLabel" roleURI="http://www.xbrl.org/2009/role/negatedPeriodEndLabel" />
<roleRef xlink:type="simple" xlink:href="http://www.xbrl.org/lrr/role/negated-2009-12-16.xsd#negatedPeriodStartLabel" roleURI="http://www.xbrl.org/2009/role/negatedPeriodStartLabel" />
<roleRef xlink:type="simple" xlink:href="http://www.xbrl.org/lrr/role/negated-2009-12-16.xsd#negatedTotalLabel" roleURI="http://www.xbrl.org/2009/role/negatedTotalLabel" />
<roleRef xlink:type="simple" xlink:href="http://www.xbrl.org/lrr/role/negated-2009-12-16.xsd#negatedNetLabel" roleURI="http://www.xbrl.org/2009/role/negatedNetLabel" />
<roleRef xlink:type="simple" xlink:href="http://www.xbrl.org/lrr/role/negated-2009-12-16.xsd#negatedTerseLabel" roleURI="http://www.xbrl.org/2009/role/negatedTerseLabel" />
<roleRef xlink:type="simple" xlink:href="http://www.xbrl.org/lrr/role/net-2009-12-16.xsd#netLabel" roleURI="http://www.xbrl.org/2009/role/netLabel" />
<labelLink xlink:type="extended" xlink:role="http://www.xbrl.org/2003/role/link">
<loc xlink:type="locator" xlink:href="msft-20240630.xsd#msft_AmountsReportedAsStockAwardsInSctMember" xlink:label="loc_msft_AmountsReportedAsStockAwardsInSctMember" />
<label xlink:type="resource" xlink:role="http://www.xbrl.org/2003/role/label" xlink:label="lab_msft_AmountsReportedAsStockAwardsInSctMember" xml:lang="en-US">Amounts Reported as Stock Awards in SCT [Member]</label>
<labelArc xlink:type="arc" xlink:arcrole="http://www.xbrl.org/2003/arcrole/concept-label" xlink:from="loc_msft_AmountsReportedAsStockAwardsInSctMember" xlink:to="lab_msft_AmountsReportedAsStockAwardsInSctMember" />
<loc xlink:type="locator" xlink:href="msft-20240630.xsd#msft_ChangeInFairValueOfEquityAwardsVestedGrantedInAPreviousYearMember" xlink:label="loc_msft_ChangeInFairValueOfEquityAwardsVestedGrantedInAPreviousYearMember" />
<label xlink:type="resource" xlink:role="http://www.xbrl.org/2003/role/label" xlink:label="lab_msft_ChangeInFairValueOfEquityAwardsVestedGrantedInAPreviousYearMember" xml:lang="en-US">Change in Fair Value of Equity Awards Vested Granted in a Previous Year [Member]</label>
<labelArc xlink:type="arc" xlink:arcrole="http://www.xbrl.org/2003/arcrole/concept-label" xlink:from="loc_msft_ChangeInFairValueOfEquityAwardsVestedGrantedInAPreviousYearMember" xlink:to="lab_msft_ChangeInFairValueOfEquityAwardsVestedGrantedInAPreviousYearMember" />
<loc xlink:type="locator" xlink:href="msft-20240630.xsd#msft_ChangeInFairValueOfOutstandingAndUnvestedEquityAwardsGrantedInPriorFiscalYearsMember" xlink:label="loc_msft_ChangeInFairValueOfOutstandingAndUnvestedEquityAwardsGrantedInPriorFiscalYearsMember" />
<label xlink:type="resource" xlink:role="http://www.xbrl.org/2003/role/label" xlink:label="lab_msft_ChangeInFairValueOfOutstandingAndUnvestedEquityAwardsGrantedInPriorFiscalYearsMember" xml:lang="en-US">Change in Fair Value of Outstanding and Unvested Equity Awards, Granted in Prior Fiscal Years [Member]</label>
<labelArc xlink:type="arc" xlink:arcrole="http://www.xbrl.org/2003/arcrole/concept-label" xlink:from="loc_msft_ChangeInFairValueOfOutstandingAndUnvestedEquityAwardsGrantedInPriorFiscalYearsMember" xlink:to="lab_msft_ChangeInFairValueOfOutstandingAndUnvestedEquityAwardsGrantedInPriorFiscalYearsMember" />
<loc xlink:type="locator" xlink:href="msft-20240630.xsd#msft_FairValueOfEquityAwardsGrantedInTheYearAndUnvestedAsOfYearEndMember" xlink:label="loc_msft_FairValueOfEquityAwardsGrantedInTheYearAndUnvestedAsOfYearEndMember" />
<label xlink:type="resource" xlink:role="http://www.xbrl.org/2003/role/label" xlink:label="lab_msft_FairValueOfEquityAwardsGrantedInTheYearAndUnvestedAsOfYearEndMember" xml:lang="en-US">Fair Value of Equity Awards Granted in the Year and Unvested as of Year End [Member]</label>
<labelArc xlink:type="arc" xlink:arcrole="http://www.xbrl.org/2003/arcrole/concept-label" xlink:from="loc_msft_FairValueOfEquityAwardsGrantedInTheYearAndUnvestedAsOfYearEndMember" xlink:to="lab_msft_FairValueOfEquityAwardsGrantedInTheYearAndUnvestedAsOfYearEndMember" />
</labelLink>
</linkbase>