<?xml version="1.0" encoding="us-ascii" standalone="yes"?>
<!-- DFIN - Donnelley Financial Solutions, Inc. -->
<!-- CTU Version: 72.1.4 -->
<!-- Creation date: 1/19/2024 2:28:22 PM Eastern Time -->
<!-- Copyright (c) 2024 Donnelley Financial Solutions, Inc. All Rights Reserved. -->
<link:linkbase  
    xmlns:link="http://www.xbrl.org/2003/linkbase"
    xmlns:xlink="http://www.w3.org/1999/xlink"
    xmlns:xsi="http://www.w3.org/2001/XMLSchema-instance"
    xmlns:xbrldt="http://xbrl.org/2005/xbrldt"
    xsi:schemaLocation="http://www.xbrl.org/2003/linkbase http://www.xbrl.org/2003/xbrl-linkbase-2003-12-31.xsd">
  <link:roleRef roleURI="http://www.microsoft.com//20240117/taxonomy/role/DocumentDocumentAndEntityInformation" xlink:href="msft-20240117.xsd#DocumentDocumentAndEntityInformation" xlink:type="simple" />
  <link:presentationLink xlink:type="extended" xlink:role="http://www.microsoft.com//20240117/taxonomy/role/DocumentDocumentAndEntityInformation">
    <link:loc xlink:href="https://xbrl.sec.gov/dei/2023/dei-2023.xsd#dei_CoverAbstract" xlink:type="locator" xlink:label="dei_CoverAbstract" />
    <link:loc xlink:href="https://xbrl.sec.gov/dei/2023/dei-2023.xsd#dei_EntitiesTable" xlink:type="locator" xlink:label="dei_EntitiesTable" />
    <link:presentationArc xlink:type="arc" xlink:arcrole="http://www.xbrl.org/2003/arcrole/parent-child" xlink:from="dei_CoverAbstract" xlink:to="dei_EntitiesTable" order="21" priority="2" use="optional" preferredLabel="http://www.xbrl.org/2003/role/terseLabel" />
    <link:loc xlink:href="https://xbrl.sec.gov/dei/2023/dei-2023.xsd#dei_EntityInformationLineItems" xlink:type="locator" xlink:label="dei_EntityInformationLineItems" />
    <link:presentationArc xlink:type="arc" xlink:arcrole="http://www.xbrl.org/2003/arcrole/parent-child" xlink:from="dei_EntitiesTable" xlink:to="dei_EntityInformationLineItems" order="22" priority="2" use="optional" preferredLabel="http://www.xbrl.org/2003/role/terseLabel" />
    <link:loc xlink:href="https://xbrl.fasb.org/us-gaap/2023/elts/us-gaap-2023.xsd#us-gaap_StatementClassOfStockAxis" xlink:type="locator" xlink:label="us-gaap_StatementClassOfStockAxis" />
    <link:presentationArc xlink:type="arc" xlink:arcrole="http://www.xbrl.org/2003/arcrole/parent-child" xlink:from="dei_EntitiesTable" xlink:to="us-gaap_StatementClassOfStockAxis" order="0.01" priority="2" use="optional" preferredLabel="http://www.xbrl.org/2003/role/terseLabel" />
    <link:loc xlink:href="https://xbrl.fasb.org/us-gaap/2023/elts/us-gaap-2023.xsd#us-gaap_ClassOfStockDomain" xlink:type="locator" xlink:label="us-gaap_ClassOfStockDomain" />
    <link:presentationArc xlink:type="arc" xlink:arcrole="http://www.xbrl.org/2003/arcrole/parent-child" xlink:from="us-gaap_StatementClassOfStockAxis" xlink:to="us-gaap_ClassOfStockDomain" order="23" priority="2" use="optional" preferredLabel="http://www.xbrl.org/2003/role/terseLabel" />
    <link:loc xlink:href="https://xbrl.fasb.org/us-gaap/2023/elts/us-gaap-2023.xsd#us-gaap_CommonStockMember" xlink:type="locator" xlink:label="us-gaap_CommonStockMember" />
    <link:presentationArc xlink:type="arc" xlink:arcrole="http://www.xbrl.org/2003/arcrole/parent-child" xlink:from="us-gaap_ClassOfStockDomain" xlink:to="us-gaap_CommonStockMember" order="17" priority="2" use="optional" preferredLabel="http://www.xbrl.org/2003/role/terseLabel" />
    <link:loc xlink:href="msft-20240117.xsd#msft_NotesThreePointOneTwoFivePercentDueDecemberSixTwentyTwentyEightMember" xlink:type="locator" xlink:label="msft_NotesThreePointOneTwoFivePercentDueDecemberSixTwentyTwentyEightMember" />
    <link:presentationArc xlink:type="arc" xlink:arcrole="http://www.xbrl.org/2003/arcrole/parent-child" xlink:from="us-gaap_ClassOfStockDomain" xlink:to="msft_NotesThreePointOneTwoFivePercentDueDecemberSixTwentyTwentyEightMember" order="18" priority="2" use="optional" preferredLabel="http://www.xbrl.org/2003/role/terseLabel" />
    <link:loc xlink:href="msft-20240117.xsd#msft_NotesTwoPointSixTwoFivePercentDueMayTwoTwentyThirtyThreeMember" xlink:type="locator" xlink:label="msft_NotesTwoPointSixTwoFivePercentDueMayTwoTwentyThirtyThreeMember" />
    <link:presentationArc xlink:type="arc" xlink:arcrole="http://www.xbrl.org/2003/arcrole/parent-child" xlink:from="us-gaap_ClassOfStockDomain" xlink:to="msft_NotesTwoPointSixTwoFivePercentDueMayTwoTwentyThirtyThreeMember" order="19" priority="2" use="optional" preferredLabel="http://www.xbrl.org/2003/role/terseLabel" />
    <link:loc xlink:href="https://xbrl.sec.gov/dei/2023/dei-2023.xsd#dei_DocumentType" xlink:type="locator" xlink:label="dei_DocumentType" />
    <link:presentationArc xlink:type="arc" xlink:arcrole="http://www.xbrl.org/2003/arcrole/parent-child" xlink:from="dei_EntityInformationLineItems" xlink:to="dei_DocumentType" order="20.001" priority="2" use="optional" preferredLabel="http://www.xbrl.org/2003/role/terseLabel" />
    <link:loc xlink:href="https://xbrl.sec.gov/dei/2023/dei-2023.xsd#dei_DocumentPeriodEndDate" xlink:type="locator" xlink:label="dei_DocumentPeriodEndDate" />
    <link:presentationArc xlink:type="arc" xlink:arcrole="http://www.xbrl.org/2003/arcrole/parent-child" xlink:from="dei_EntityInformationLineItems" xlink:to="dei_DocumentPeriodEndDate" order="21.001" priority="2" use="optional" preferredLabel="http://www.xbrl.org/2003/role/terseLabel" />
    <link:loc xlink:href="https://xbrl.sec.gov/dei/2023/dei-2023.xsd#dei_EntityRegistrantName" xlink:type="locator" xlink:label="dei_EntityRegistrantName" />
    <link:presentationArc xlink:type="arc" xlink:arcrole="http://www.xbrl.org/2003/arcrole/parent-child" xlink:from="dei_EntityInformationLineItems" xlink:to="dei_EntityRegistrantName" order="22.001" priority="2" use="optional" preferredLabel="http://www.xbrl.org/2003/role/terseLabel" />
    <link:loc xlink:href="https://xbrl.sec.gov/dei/2023/dei-2023.xsd#dei_EntityIncorporationStateCountryCode" xlink:type="locator" xlink:label="dei_EntityIncorporationStateCountryCode" />
    <link:presentationArc xlink:type="arc" xlink:arcrole="http://www.xbrl.org/2003/arcrole/parent-child" xlink:from="dei_EntityInformationLineItems" xlink:to="dei_EntityIncorporationStateCountryCode" order="23.001" priority="2" use="optional" preferredLabel="http://www.xbrl.org/2003/role/terseLabel" />
    <link:loc xlink:href="https://xbrl.sec.gov/dei/2023/dei-2023.xsd#dei_EntityFileNumber" xlink:type="locator" xlink:label="dei_EntityFileNumber" />
    <link:presentationArc xlink:type="arc" xlink:arcrole="http://www.xbrl.org/2003/arcrole/parent-child" xlink:from="dei_EntityInformationLineItems" xlink:to="dei_EntityFileNumber" order="24.001" priority="2" use="optional" preferredLabel="http://www.xbrl.org/2003/role/terseLabel" />
    <link:loc xlink:href="https://xbrl.sec.gov/dei/2023/dei-2023.xsd#dei_EntityTaxIdentificationNumber" xlink:type="locator" xlink:label="dei_EntityTaxIdentificationNumber" />
    <link:presentationArc xlink:type="arc" xlink:arcrole="http://www.xbrl.org/2003/arcrole/parent-child" xlink:from="dei_EntityInformationLineItems" xlink:to="dei_EntityTaxIdentificationNumber" order="25.001" priority="2" use="optional" preferredLabel="http://www.xbrl.org/2003/role/terseLabel" />
    <link:loc xlink:href="https://xbrl.sec.gov/dei/2023/dei-2023.xsd#dei_EntityAddressAddressLine1" xlink:type="locator" xlink:label="dei_EntityAddressAddressLine1" />
    <link:presentationArc xlink:type="arc" xlink:arcrole="http://www.xbrl.org/2003/arcrole/parent-child" xlink:from="dei_EntityInformationLineItems" xlink:to="dei_EntityAddressAddressLine1" order="26.001" priority="2" use="optional" preferredLabel="http://www.xbrl.org/2003/role/terseLabel" />
    <link:loc xlink:href="https://xbrl.sec.gov/dei/2023/dei-2023.xsd#dei_EntityAddressCityOrTown" xlink:type="locator" xlink:label="dei_EntityAddressCityOrTown" />
    <link:presentationArc xlink:type="arc" xlink:arcrole="http://www.xbrl.org/2003/arcrole/parent-child" xlink:from="dei_EntityInformationLineItems" xlink:to="dei_EntityAddressCityOrTown" order="26.031" priority="2" use="optional" preferredLabel="http://www.xbrl.org/2003/role/terseLabel" />
    <link:loc xlink:href="https://xbrl.sec.gov/dei/2023/dei-2023.xsd#dei_EntityAddressStateOrProvince" xlink:type="locator" xlink:label="dei_EntityAddressStateOrProvince" />
    <link:presentationArc xlink:type="arc" xlink:arcrole="http://www.xbrl.org/2003/arcrole/parent-child" xlink:from="dei_EntityInformationLineItems" xlink:to="dei_EntityAddressStateOrProvince" order="26.131" priority="2" use="optional" preferredLabel="http://www.xbrl.org/2003/role/terseLabel" />
    <link:loc xlink:href="https://xbrl.sec.gov/dei/2023/dei-2023.xsd#dei_EntityAddressPostalZipCode" xlink:type="locator" xlink:label="dei_EntityAddressPostalZipCode" />
    <link:presentationArc xlink:type="arc" xlink:arcrole="http://www.xbrl.org/2003/arcrole/parent-child" xlink:from="dei_EntityInformationLineItems" xlink:to="dei_EntityAddressPostalZipCode" order="26.231" priority="2" use="optional" preferredLabel="http://www.xbrl.org/2003/role/terseLabel" />
    <link:loc xlink:href="https://xbrl.sec.gov/dei/2023/dei-2023.xsd#dei_CityAreaCode" xlink:type="locator" xlink:label="dei_CityAreaCode" />
    <link:presentationArc xlink:type="arc" xlink:arcrole="http://www.xbrl.org/2003/arcrole/parent-child" xlink:from="dei_EntityInformationLineItems" xlink:to="dei_CityAreaCode" order="30.001" priority="2" use="optional" preferredLabel="http://www.xbrl.org/2003/role/terseLabel" />
    <link:loc xlink:href="https://xbrl.sec.gov/dei/2023/dei-2023.xsd#dei_LocalPhoneNumber" xlink:type="locator" xlink:label="dei_LocalPhoneNumber" />
    <link:presentationArc xlink:type="arc" xlink:arcrole="http://www.xbrl.org/2003/arcrole/parent-child" xlink:from="dei_EntityInformationLineItems" xlink:to="dei_LocalPhoneNumber" order="30.011" priority="2" use="optional" preferredLabel="http://www.xbrl.org/2003/role/terseLabel" />
    <link:loc xlink:href="https://xbrl.sec.gov/dei/2023/dei-2023.xsd#dei_WrittenCommunications" xlink:type="locator" xlink:label="dei_WrittenCommunications" />
    <link:presentationArc xlink:type="arc" xlink:arcrole="http://www.xbrl.org/2003/arcrole/parent-child" xlink:from="dei_EntityInformationLineItems" xlink:to="dei_WrittenCommunications" order="32.001" priority="2" use="optional" preferredLabel="http://www.xbrl.org/2003/role/terseLabel" />
    <link:loc xlink:href="https://xbrl.sec.gov/dei/2023/dei-2023.xsd#dei_SolicitingMaterial" xlink:type="locator" xlink:label="dei_SolicitingMaterial" />
    <link:presentationArc xlink:type="arc" xlink:arcrole="http://www.xbrl.org/2003/arcrole/parent-child" xlink:from="dei_EntityInformationLineItems" xlink:to="dei_SolicitingMaterial" order="33.001" priority="2" use="optional" preferredLabel="http://www.xbrl.org/2003/role/terseLabel" />
    <link:loc xlink:href="https://xbrl.sec.gov/dei/2023/dei-2023.xsd#dei_PreCommencementTenderOffer" xlink:type="locator" xlink:label="dei_PreCommencementTenderOffer" />
    <link:presentationArc xlink:type="arc" xlink:arcrole="http://www.xbrl.org/2003/arcrole/parent-child" xlink:from="dei_EntityInformationLineItems" xlink:to="dei_PreCommencementTenderOffer" order="34.001" priority="2" use="optional" preferredLabel="http://www.xbrl.org/2003/role/terseLabel" />
    <link:loc xlink:href="https://xbrl.sec.gov/dei/2023/dei-2023.xsd#dei_PreCommencementIssuerTenderOffer" xlink:type="locator" xlink:label="dei_PreCommencementIssuerTenderOffer" />
    <link:presentationArc xlink:type="arc" xlink:arcrole="http://www.xbrl.org/2003/arcrole/parent-child" xlink:from="dei_EntityInformationLineItems" xlink:to="dei_PreCommencementIssuerTenderOffer" order="35.001" priority="2" use="optional" preferredLabel="http://www.xbrl.org/2003/role/terseLabel" />
    <link:loc xlink:href="https://xbrl.sec.gov/dei/2023/dei-2023.xsd#dei_Security12bTitle" xlink:type="locator" xlink:label="dei_Security12bTitle" />
    <link:presentationArc xlink:type="arc" xlink:arcrole="http://www.xbrl.org/2003/arcrole/parent-child" xlink:from="dei_EntityInformationLineItems" xlink:to="dei_Security12bTitle" order="38.001" priority="2" use="optional" preferredLabel="http://www.xbrl.org/2003/role/terseLabel" />
    <link:loc xlink:href="https://xbrl.sec.gov/dei/2023/dei-2023.xsd#dei_TradingSymbol" xlink:type="locator" xlink:label="dei_TradingSymbol" />
    <link:presentationArc xlink:type="arc" xlink:arcrole="http://www.xbrl.org/2003/arcrole/parent-child" xlink:from="dei_EntityInformationLineItems" xlink:to="dei_TradingSymbol" order="39.001" priority="2" use="optional" preferredLabel="http://www.xbrl.org/2003/role/terseLabel" />
    <link:loc xlink:href="https://xbrl.sec.gov/dei/2023/dei-2023.xsd#dei_SecurityExchangeName" xlink:type="locator" xlink:label="dei_SecurityExchangeName" />
    <link:presentationArc xlink:type="arc" xlink:arcrole="http://www.xbrl.org/2003/arcrole/parent-child" xlink:from="dei_EntityInformationLineItems" xlink:to="dei_SecurityExchangeName" order="40.001" priority="2" use="optional" preferredLabel="http://www.xbrl.org/2003/role/terseLabel" />
    <link:loc xlink:href="https://xbrl.sec.gov/dei/2023/dei-2023.xsd#dei_EntityEmergingGrowthCompany" xlink:type="locator" xlink:label="dei_EntityEmergingGrowthCompany" />
    <link:presentationArc xlink:type="arc" xlink:arcrole="http://www.xbrl.org/2003/arcrole/parent-child" xlink:from="dei_EntityInformationLineItems" xlink:to="dei_EntityEmergingGrowthCompany" order="41.001" priority="2" use="optional" preferredLabel="http://www.xbrl.org/2003/role/terseLabel" />
    <link:loc xlink:href="https://xbrl.sec.gov/dei/2023/dei-2023.xsd#dei_AmendmentFlag" xlink:type="locator" xlink:label="dei_AmendmentFlag" />
    <link:presentationArc xlink:type="arc" xlink:arcrole="http://www.xbrl.org/2003/arcrole/parent-child" xlink:from="dei_EntityInformationLineItems" xlink:to="dei_AmendmentFlag" order="43.001" priority="2" use="optional" preferredLabel="http://www.xbrl.org/2003/role/terseLabel" />
    <link:loc xlink:href="https://xbrl.sec.gov/dei/2023/dei-2023.xsd#dei_EntityCentralIndexKey" xlink:type="locator" xlink:label="dei_EntityCentralIndexKey" />
    <link:presentationArc xlink:type="arc" xlink:arcrole="http://www.xbrl.org/2003/arcrole/parent-child" xlink:from="dei_EntityInformationLineItems" xlink:to="dei_EntityCentralIndexKey" order="44.001" priority="2" use="optional" preferredLabel="http://www.xbrl.org/2003/role/terseLabel" />
  </link:presentationLink>
</link:linkbase>
